year,id,topfederalrate,topstaterate,state_full
1977,0,70,0,"FEDERAL"
1978,0,70,0,"FEDERAL"
1979,0,50.01,0,"FEDERAL"
1980,0,50.01,0,"FEDERAL"
1981,0,50.01,0,"FEDERAL"
1982,0,50,0,"FEDERAL"
1983,0,50,0,"FEDERAL"
1984,0,50,0,"FEDERAL"
1985,0,50,0,"FEDERAL"
1986,0,50,0,"FEDERAL"
1987,0,38.5,0,"FEDERAL"
1988,0,28,0,"FEDERAL"
1989,0,28,0,"FEDERAL"
1990,0,28,0,"FEDERAL"
1991,0,31.93,0,"FEDERAL"
1992,0,31.93,0,"FEDERAL"
1993,0,40.79,0,"FEDERAL"
1994,0,40.79,0,"FEDERAL"
1995,0,40.79,0,"FEDERAL"
1996,0,40.79,0,"FEDERAL"
1997,0,40.79,0,"FEDERAL"
1998,0,40.79,0,"FEDERAL"
1999,0,40.79,0,"FEDERAL"
2000,0,40.79,0,"FEDERAL"
2001,0,40.27,0,"FEDERAL"
2002,0,39.76,0,"FEDERAL"
2003,0,36.05,0,"FEDERAL"
2004,0,36.05,0,"FEDERAL"
2005,0,36.05,0,"FEDERAL"
2006,0,35.7,0,"FEDERAL"
2007,0,35.7,0,"FEDERAL"
2008,0,35.35,0,"FEDERAL"
2009,0,35.35,0,"FEDERAL"
2010,0,35,0,"FEDERAL"
2011,0,35,0,"FEDERAL"
2012,0,35,0,"FEDERAL"
2013,0,40.79,0,"FEDERAL"
2014,0,40.79,0,"FEDERAL"
2015,0,40.79,0,"FEDERAL"
2016,0,40.79,0,"FEDERAL"
2017,0,40.79,0,"FEDERAL"
2018,0,37,0,"FEDERAL"
1977,1,68.91,1.55,"ALABAMA"
1978,1,68.91,1.55,"ALABAMA"
1979,1,48.72,2.56,"ALABAMA"
1980,1,48.72,2.56,"ALABAMA"
1981,1,48.72,2.56,"ALABAMA"
1982,1,48.72,2.56,"ALABAMA"
1983,1,48.72,2.56,"ALABAMA"
1984,1,48.72,2.56,"ALABAMA"
1985,1,48.72,2.56,"ALABAMA"
1986,1,48.72,2.56,"ALABAMA"
1987,1,37.29,3.14,"ALABAMA"
1988,1,26.98,3.65,"ALABAMA"
1989,1,26.98,3.65,"ALABAMA"
1990,1,26.98,3.65,"ALABAMA"
1991,1,30.86,3.46,"ALABAMA"
1992,1,30.86,3.46,"ALABAMA"
1993,1,39.59,3.02,"ALABAMA"
1994,1,39.59,3.02,"ALABAMA"
1995,1,39.59,3.02,"ALABAMA"
1996,1,39.59,3.02,"ALABAMA"
1997,1,39.59,3.02,"ALABAMA"
1998,1,39.59,3.02,"ALABAMA"
1999,1,39.59,3.02,"ALABAMA"
2000,1,39.59,3.02,"ALABAMA"
2001,1,39.08,3.05,"ALABAMA"
2002,1,38.57,3.07,"ALABAMA"
2003,1,34.91,3.25,"ALABAMA"
2004,1,34.91,3.25,"ALABAMA"
2005,1,34.91,3.25,"ALABAMA"
2006,1,34.55,3.27,"ALABAMA"
2007,1,34.55,3.27,"ALABAMA"
2008,1,34.2,3.29,"ALABAMA"
2009,1,34.2,3.29,"ALABAMA"
2010,1,33.84,3.31,"ALABAMA"
2011,1,33.84,3.31,"ALABAMA"
2012,1,33.84,3.31,"ALABAMA"
2013,1,39.59,3.02,"ALABAMA"
2014,1,39.59,3.02,"ALABAMA"
2015,1,39.59,3.02,"ALABAMA"
2016,1,39.59,3.02,"ALABAMA"
2017,1,39.59,3.02,"ALABAMA"
2018,1,37,3.15,"ALABAMA"
1977,2,59.85,14.5,"ALASKA"
1978,2,59.85,14.5,"ALASKA"
1979,2,42.75,14.5,"ALASKA"
1980,2,50.01,0,"ALASKA"
1981,2,50.01,0,"ALASKA"
1982,2,50,0,"ALASKA"
1983,2,50,0,"ALASKA"
1984,2,50,0,"ALASKA"
1985,2,50,0,"ALASKA"
1986,2,50,0,"ALASKA"
1987,2,38.5,0,"ALASKA"
1988,2,28,0,"ALASKA"
1989,2,28,0,"ALASKA"
1990,2,28,0,"ALASKA"
1991,2,31.93,0,"ALASKA"
1992,2,31.93,0,"ALASKA"
1993,2,40.79,0,"ALASKA"
1994,2,40.79,0,"ALASKA"
1995,2,40.79,0,"ALASKA"
1996,2,40.79,0,"ALASKA"
1997,2,40.79,0,"ALASKA"
1998,2,40.79,0,"ALASKA"
1999,2,40.79,0,"ALASKA"
2000,2,40.79,0,"ALASKA"
2001,2,40.27,0,"ALASKA"
2002,2,39.76,0,"ALASKA"
2003,2,36.05,0,"ALASKA"
2004,2,36.05,0,"ALASKA"
2005,2,36.05,0,"ALASKA"
2006,2,35.7,0,"ALASKA"
2007,2,35.7,0,"ALASKA"
2008,2,35.35,0,"ALASKA"
2009,2,35.35,0,"ALASKA"
2010,2,35,0,"ALASKA"
2011,2,35,0,"ALASKA"
2012,2,35,0,"ALASKA"
2013,2,40.79,0,"ALASKA"
2014,2,40.79,0,"ALASKA"
2015,2,40.79,0,"ALASKA"
2016,2,40.79,0,"ALASKA"
2017,2,40.79,0,"ALASKA"
2018,2,37,0,"ALASKA"
1977,3,68.22,2.54,"ARIZONA"
1978,3,68.22,2.54,"ARIZONA"
1979,3,47.92,4.17,"ARIZONA"
1980,3,47.92,4.17,"ARIZONA"
1981,3,47.92,4.17,"ARIZONA"
1982,3,47.92,4.17,"ARIZONA"
1983,3,47.92,4.17,"ARIZONA"
1984,3,47.92,4.17,"ARIZONA"
1985,3,47.92,4.17,"ARIZONA"
1986,3,47.92,4.17,"ARIZONA"
1987,3,36.55,5.08,"ARIZONA"
1988,3,26.35,5.89,"ARIZONA"
1989,3,26.35,5.89,"ARIZONA"
1990,3,26.04,7,"ARIZONA"
1991,3,29.84,6.74,"ARIZONA"
1992,3,29.84,6.74,"ARIZONA"
1993,3,38.12,6.74,"ARIZONA"
1994,3,38.15,6.65,"ARIZONA"
1995,3,38.62,5.46,"ARIZONA"
1996,3,38.62,5.46,"ARIZONA"
1997,3,38.78,5.06,"ARIZONA"
1998,3,38.81,5,"ARIZONA"
1999,3,38.83,4.94,"ARIZONA"
2000,3,38.83,4.94,"ARIZONA"
2001,3,38.34,4.94,"ARIZONA"
2002,3,37.85,4.94,"ARIZONA"
2003,3,34.32,4.94,"ARIZONA"
2004,3,34.32,4.94,"ARIZONA"
2005,3,34.32,4.94,"ARIZONA"
2006,3,34.07,4.66,"ARIZONA"
2007,3,34.15,4.43,"ARIZONA"
2008,3,33.81,4.39,"ARIZONA"
2009,3,33.81,4.39,"ARIZONA"
2010,3,33.48,4.34,"ARIZONA"
2011,3,33.48,4.34,"ARIZONA"
2012,3,33.48,4.34,"ARIZONA"
2013,3,39.02,4.47,"ARIZONA"
2014,3,39.02,4.47,"ARIZONA"
2015,3,39.02,4.47,"ARIZONA"
2016,3,39.02,4.47,"ARIZONA"
2017,3,39.02,4.47,"ARIZONA"
2018,3,37,4.54,"ARIZONA"
1977,4,65.1,7,"ARKANSAS"
1978,4,65.1,7,"ARKANSAS"
1979,4,46.5,7,"ARKANSAS"
1980,4,46.5,7,"ARKANSAS"
1981,4,46.5,7,"ARKANSAS"
1982,4,46.5,7,"ARKANSAS"
1983,4,46.5,7,"ARKANSAS"
1984,4,46.5,7,"ARKANSAS"
1985,4,46.5,7,"ARKANSAS"
1986,4,46.5,7,"ARKANSAS"
1987,4,35.81,7,"ARKANSAS"
1988,4,26.04,7,"ARKANSAS"
1989,4,26.04,7,"ARKANSAS"
1990,4,26.04,7,"ARKANSAS"
1991,4,29.69,7.21,"ARKANSAS"
1992,4,29.69,7.21,"ARKANSAS"
1993,4,37.93,7.21,"ARKANSAS"
1994,4,37.93,7.21,"ARKANSAS"
1995,4,37.93,7.21,"ARKANSAS"
1996,4,37.93,7.21,"ARKANSAS"
1997,4,37.93,7.21,"ARKANSAS"
1998,4,37.93,7.21,"ARKANSAS"
1999,4,37.93,7.21,"ARKANSAS"
2000,4,37.93,7.21,"ARKANSAS"
2001,4,37.45,7.21,"ARKANSAS"
2002,4,36.97,7.21,"ARKANSAS"
2003,4,33.45,7.43,"ARKANSAS"
2004,4,33.45,7.43,"ARKANSAS"
2005,4,33.53,7.21,"ARKANSAS"
2006,4,33.18,7.21,"ARKANSAS"
2007,4,33.18,7.21,"ARKANSAS"
2008,4,32.83,7.21,"ARKANSAS"
2009,4,32.88,7.07,"ARKANSAS"
2010,4,32.55,7,"ARKANSAS"
2011,4,32.55,7,"ARKANSAS"
2012,4,32.55,7,"ARKANSAS"
2013,4,37.93,7.21,"ARKANSAS"
2014,4,37.93,7.21,"ARKANSAS"
2015,4,37.93,7.21,"ARKANSAS"
2016,4,37.97,7.11,"ARKANSAS"
2017,4,37.97,7.11,"ARKANSAS"
2018,4,37,6.9,"ARKANSAS"
1977,5,62.3,11,"CALIFORNIA"
1978,5,62.3,11,"CALIFORNIA"
1979,5,44.5,11,"CALIFORNIA"
1980,5,44.5,11,"CALIFORNIA"
1981,5,44.5,11,"CALIFORNIA"
1982,5,44.5,11,"CALIFORNIA"
1983,5,44.5,11,"CALIFORNIA"
1984,5,44.5,11,"CALIFORNIA"
1985,5,44.5,11,"CALIFORNIA"
1986,5,44.5,11,"CALIFORNIA"
1987,5,35.23,8.5,"CALIFORNIA"
1988,5,25.62,8.5,"CALIFORNIA"
1989,5,25.62,8.5,"CALIFORNIA"
1990,5,25.62,8.5,"CALIFORNIA"
1991,5,28.32,11.66,"CALIFORNIA"
1992,5,28.32,11.66,"CALIFORNIA"
1993,5,36.17,11.66,"CALIFORNIA"
1994,5,36.17,11.66,"CALIFORNIA"
1995,5,36.17,11.66,"CALIFORNIA"
1996,5,36.88,9.86,"CALIFORNIA"
1997,5,36.88,9.86,"CALIFORNIA"
1998,5,36.88,9.86,"CALIFORNIA"
1999,5,36.88,9.86,"CALIFORNIA"
2000,5,36.88,9.86,"CALIFORNIA"
2001,5,36.42,9.86,"CALIFORNIA"
2002,5,35.95,9.86,"CALIFORNIA"
2003,5,32.6,9.86,"CALIFORNIA"
2004,5,32.6,9.86,"CALIFORNIA"
2005,5,32.23,10.92,"CALIFORNIA"
2006,5,31.88,10.92,"CALIFORNIA"
2007,5,31.88,10.92,"CALIFORNIA"
2008,5,31.53,10.92,"CALIFORNIA"
2009,5,31.44,11.18,"CALIFORNIA"
2010,5,31.09,11.18,"CALIFORNIA"
2011,5,31.18,10.92,"CALIFORNIA"
2012,5,30.07,14.1,"CALIFORNIA"
2013,5,35.2,14.1,"CALIFORNIA"
2014,5,35.2,14.1,"CALIFORNIA"
2015,5,35.2,14.1,"CALIFORNIA"
2016,5,35.2,14.1,"CALIFORNIA"
2017,5,35.2,14.1,"CALIFORNIA"
2018,5,37,13.3,"CALIFORNIA"
1977,6,68.34,2.37,"COLORADO"
1978,6,68.34,2.37,"COLORADO"
1979,6,48.14,3.73,"COLORADO"
1980,6,48.35,3.31,"COLORADO"
1981,6,48.27,3.48,"COLORADO"
1982,6,47.92,4.17,"COLORADO"
1983,6,47.92,4.17,"COLORADO"
1984,6,47.92,4.17,"COLORADO"
1985,6,47.92,4.17,"COLORADO"
1986,6,47.92,4.17,"COLORADO"
1987,6,36.67,4.76,"COLORADO"
1988,6,26.67,4.76,"COLORADO"
1989,6,26.67,4.76,"COLORADO"
1990,6,26.67,4.76,"COLORADO"
1991,6,30.41,4.9,"COLORADO"
1992,6,30.33,5.15,"COLORADO"
1993,6,38.75,5.15,"COLORADO"
1994,6,38.75,5.15,"COLORADO"
1995,6,38.75,5.15,"COLORADO"
1996,6,38.75,5.15,"COLORADO"
1997,6,38.75,5.15,"COLORADO"
1998,6,38.75,5.15,"COLORADO"
1999,6,38.85,4.89,"COLORADO"
2000,6,38.9,4.77,"COLORADO"
2001,6,38.41,4.77,"COLORADO"
2002,6,37.92,4.77,"COLORADO"
2003,6,34.38,4.77,"COLORADO"
2004,6,34.38,4.77,"COLORADO"
2005,6,34.38,4.77,"COLORADO"
2006,6,34.05,4.72,"COLORADO"
2007,6,34.05,4.72,"COLORADO"
2008,6,33.71,4.68,"COLORADO"
2009,6,33.71,4.68,"COLORADO"
2010,6,33.38,4.63,"COLORADO"
2011,6,33.38,4.63,"COLORADO"
2012,6,33.38,4.63,"COLORADO"
2013,6,38.9,4.77,"COLORADO"
2014,6,38.9,4.77,"COLORADO"
2015,6,38.9,4.77,"COLORADO"
2016,6,38.9,4.77,"COLORADO"
2017,6,38.9,4.77,"COLORADO"
2018,6,37,4.63,"COLORADO"
1977,7,70,0,"CONNECTICUT"
1978,7,70,0,"CONNECTICUT"
1979,7,50.01,0,"CONNECTICUT"
1980,7,50.01,0,"CONNECTICUT"
1981,7,50.01,0,"CONNECTICUT"
1982,7,50,0,"CONNECTICUT"
1983,7,50,0,"CONNECTICUT"
1984,7,50,0,"CONNECTICUT"
1985,7,50,0,"CONNECTICUT"
1986,7,50,0,"CONNECTICUT"
1987,7,38.5,0,"CONNECTICUT"
1988,7,28,0,"CONNECTICUT"
1989,7,28,0,"CONNECTICUT"
1990,7,28,0,"CONNECTICUT"
1991,7,31.46,1.5,"CONNECTICUT"
1992,7,30.53,4.5,"CONNECTICUT"
1993,7,39.01,4.5,"CONNECTICUT"
1994,7,39.01,4.5,"CONNECTICUT"
1995,7,39.01,4.5,"CONNECTICUT"
1996,7,39.01,4.5,"CONNECTICUT"
1997,7,39.01,4.5,"CONNECTICUT"
1998,7,39.01,4.5,"CONNECTICUT"
1999,7,39.01,4.5,"CONNECTICUT"
2000,7,39.01,4.5,"CONNECTICUT"
2001,7,38.51,4.5,"CONNECTICUT"
2002,7,38.02,4.5,"CONNECTICUT"
2003,7,34.3,5,"CONNECTICUT"
2004,7,34.3,5,"CONNECTICUT"
2005,7,34.3,5,"CONNECTICUT"
2006,7,33.95,5,"CONNECTICUT"
2007,7,33.95,5,"CONNECTICUT"
2008,7,33.6,5,"CONNECTICUT"
2009,7,33.07,6.5,"CONNECTICUT"
2010,7,32.73,6.5,"CONNECTICUT"
2011,7,32.65,6.7,"CONNECTICUT"
2012,7,32.65,6.7,"CONNECTICUT"
2013,7,38.13,6.7,"CONNECTICUT"
2014,7,38.13,6.7,"CONNECTICUT"
2015,7,38.02,6.99,"CONNECTICUT"
2016,7,38.02,6.99,"CONNECTICUT"
2017,7,38.02,6.99,"CONNECTICUT"
2018,7,37,6.99,"CONNECTICUT"
1977,8,56.14,19.8,"DELAWARE"
1978,8,56.14,19.8,"DELAWARE"
1979,8,41.68,16.65,"DELAWARE"
1980,8,43.25,13.5,"DELAWARE"
1981,8,43.25,13.5,"DELAWARE"
1982,8,43.25,13.5,"DELAWARE"
1983,8,43.25,13.5,"DELAWARE"
1984,8,43.25,13.5,"DELAWARE"
1985,8,44.65,10.7,"DELAWARE"
1986,8,45.15,9.7,"DELAWARE"
1987,8,35.11,8.8,"DELAWARE"
1988,8,25.84,7.7,"DELAWARE"
1989,8,25.84,7.7,"DELAWARE"
1990,8,25.84,7.7,"DELAWARE"
1991,8,29.47,7.93,"DELAWARE"
1992,8,29.47,7.93,"DELAWARE"
1993,8,37.65,7.93,"DELAWARE"
1994,8,37.65,7.93,"DELAWARE"
1995,8,37.65,7.93,"DELAWARE"
1996,8,37.89,7.31,"DELAWARE"
1997,8,37.97,7.11,"DELAWARE"
1998,8,37.97,7.11,"DELAWARE"
1999,8,38.18,6.59,"DELAWARE"
2000,8,38.36,6.13,"DELAWARE"
2001,8,37.88,6.13,"DELAWARE"
2002,8,37.39,6.13,"DELAWARE"
2003,8,33.91,6.13,"DELAWARE"
2004,8,33.91,6.13,"DELAWARE"
2005,8,33.91,6.13,"DELAWARE"
2006,8,33.58,6.07,"DELAWARE"
2007,8,33.58,6.07,"DELAWARE"
2008,8,33.25,6.01,"DELAWARE"
2009,8,32.89,7.02,"DELAWARE"
2010,8,32.57,6.95,"DELAWARE"
2011,8,32.57,6.95,"DELAWARE"
2012,8,32.64,6.75,"DELAWARE"
2013,8,38.03,6.95,"DELAWARE"
2014,8,38.1,6.8,"DELAWARE"
2015,8,38.1,6.8,"DELAWARE"
2016,8,38.1,6.8,"DELAWARE"
2017,8,38.1,6.8,"DELAWARE"
2018,8,37,6.6,"DELAWARE"
1977,9,63.05,9.91,"DISTRICT OF COLUMBIA"
1978,9,63.05,9.91,"DISTRICT OF COLUMBIA"
1979,9,45.04,9.91,"DISTRICT OF COLUMBIA"
1980,9,45.04,9.91,"DISTRICT OF COLUMBIA"
1981,9,45.04,9.91,"DISTRICT OF COLUMBIA"
1982,9,44.5,11,"DISTRICT OF COLUMBIA"
1983,9,44.5,11,"DISTRICT OF COLUMBIA"
1984,9,44.5,11,"DISTRICT OF COLUMBIA"
1985,9,44.5,11,"DISTRICT OF COLUMBIA"
1986,9,44.5,11,"DISTRICT OF COLUMBIA"
1987,9,34.65,10,"DISTRICT OF COLUMBIA"
1988,9,25.34,9.5,"DISTRICT OF COLUMBIA"
1989,9,25.34,9.5,"DISTRICT OF COLUMBIA"
1990,9,25.34,9.5,"DISTRICT OF COLUMBIA"
1991,9,28.96,9.58,"DISTRICT OF COLUMBIA"
1992,9,28.96,9.58,"DISTRICT OF COLUMBIA"
1993,9,36.99,9.58,"DISTRICT OF COLUMBIA"
1994,9,36.99,9.58,"DISTRICT OF COLUMBIA"
1995,9,36.99,9.58,"DISTRICT OF COLUMBIA"
1996,9,36.99,9.58,"DISTRICT OF COLUMBIA"
1997,9,36.99,9.58,"DISTRICT OF COLUMBIA"
1998,9,36.99,9.58,"DISTRICT OF COLUMBIA"
1999,9,36.99,9.58,"DISTRICT OF COLUMBIA"
2000,9,36.99,9.58,"DISTRICT OF COLUMBIA"
2001,9,36.61,9.38,"DISTRICT OF COLUMBIA"
2002,9,36.14,9.38,"DISTRICT OF COLUMBIA"
2003,9,32.77,9.38,"DISTRICT OF COLUMBIA"
2004,9,32.77,9.38,"DISTRICT OF COLUMBIA"
2005,9,32.87,9.08,"DISTRICT OF COLUMBIA"
2006,9,32.64,8.75,"DISTRICT OF COLUMBIA"
2007,9,32.71,8.55,"DISTRICT OF COLUMBIA"
2008,9,32.37,8.53,"DISTRICT OF COLUMBIA"
2009,9,32.37,8.53,"DISTRICT OF COLUMBIA"
2010,9,32.02,8.5,"DISTRICT OF COLUMBIA"
2011,9,32.02,8.5,"DISTRICT OF COLUMBIA"
2012,9,31.87,8.95,"DISTRICT OF COLUMBIA"
2013,9,37.21,9.04,"DISTRICT OF COLUMBIA"
2014,9,37.21,9.04,"DISTRICT OF COLUMBIA"
2015,9,37.21,9.04,"DISTRICT OF COLUMBIA"
2016,9,37.29,8.84,"DISTRICT OF COLUMBIA"
2017,9,37.29,8.84,"DISTRICT OF COLUMBIA"
2018,9,37,8.75,"DISTRICT OF COLUMBIA"
1977,10,70,0,"FLORIDA"
1978,10,70,0,"FLORIDA"
1979,10,50.01,0,"FLORIDA"
1980,10,50.01,0,"FLORIDA"
1981,10,50.01,0,"FLORIDA"
1982,10,50,0,"FLORIDA"
1983,10,50,0,"FLORIDA"
1984,10,50,0,"FLORIDA"
1985,10,50,0,"FLORIDA"
1986,10,50,0,"FLORIDA"
1987,10,38.5,0,"FLORIDA"
1988,10,28,0,"FLORIDA"
1989,10,28,0,"FLORIDA"
1990,10,28,0,"FLORIDA"
1991,10,31.93,0,"FLORIDA"
1992,10,31.93,0,"FLORIDA"
1993,10,40.79,0,"FLORIDA"
1994,10,40.79,0,"FLORIDA"
1995,10,40.79,0,"FLORIDA"
1996,10,40.79,0,"FLORIDA"
1997,10,40.79,0,"FLORIDA"
1998,10,40.79,0,"FLORIDA"
1999,10,40.79,0,"FLORIDA"
2000,10,40.79,0,"FLORIDA"
2001,10,40.27,0,"FLORIDA"
2002,10,39.76,0,"FLORIDA"
2003,10,36.05,0,"FLORIDA"
2004,10,36.05,0,"FLORIDA"
2005,10,36.05,0,"FLORIDA"
2006,10,35.7,0,"FLORIDA"
2007,10,35.7,0,"FLORIDA"
2008,10,35.35,0,"FLORIDA"
2009,10,35.35,0,"FLORIDA"
2010,10,35,0,"FLORIDA"
2011,10,35,0,"FLORIDA"
2012,10,35,0,"FLORIDA"
2013,10,40.79,0,"FLORIDA"
2014,10,40.79,0,"FLORIDA"
2015,10,40.79,0,"FLORIDA"
2016,10,40.79,0,"FLORIDA"
2017,10,40.79,0,"FLORIDA"
2018,10,37,0,"FLORIDA"
1977,11,65.8,6,"GEORGIA"
1978,11,65.8,6,"GEORGIA"
1979,11,47,6,"GEORGIA"
1980,11,47,6,"GEORGIA"
1981,11,47,6,"GEORGIA"
1982,11,47,6,"GEORGIA"
1983,11,47,6,"GEORGIA"
1984,11,47,6,"GEORGIA"
1985,11,47,6,"GEORGIA"
1986,11,47,6,"GEORGIA"
1987,11,36.19,6,"GEORGIA"
1988,11,26.32,6,"GEORGIA"
1989,11,26.32,6,"GEORGIA"
1990,11,26.32,6,"GEORGIA"
1991,11,30.01,6.18,"GEORGIA"
1992,11,30.01,6.18,"GEORGIA"
1993,11,38.34,6.18,"GEORGIA"
1994,11,38.34,6.18,"GEORGIA"
1995,11,38.34,6.18,"GEORGIA"
1996,11,38.34,6.18,"GEORGIA"
1997,11,38.34,6.18,"GEORGIA"
1998,11,38.34,6.18,"GEORGIA"
1999,11,38.34,6.18,"GEORGIA"
2000,11,38.34,6.18,"GEORGIA"
2001,11,37.86,6.18,"GEORGIA"
2002,11,37.37,6.18,"GEORGIA"
2003,11,33.89,6.18,"GEORGIA"
2004,11,33.89,6.18,"GEORGIA"
2005,11,33.89,6.18,"GEORGIA"
2006,11,33.56,6.12,"GEORGIA"
2007,11,33.56,6.12,"GEORGIA"
2008,11,33.23,6.06,"GEORGIA"
2009,11,33.23,6.06,"GEORGIA"
2010,11,32.9,6,"GEORGIA"
2011,11,32.9,6,"GEORGIA"
2012,11,32.9,6,"GEORGIA"
2013,11,38.34,6.18,"GEORGIA"
2014,11,38.34,6.18,"GEORGIA"
2015,11,38.34,6.18,"GEORGIA"
2016,11,38.34,6.18,"GEORGIA"
2017,11,38.34,6.18,"GEORGIA"
2018,11,37,6,"GEORGIA"
1977,12,63.05,9.91,"HAWAII"
1978,12,63.05,9.91,"HAWAII"
1979,12,45.04,9.91,"HAWAII"
1980,12,45.04,9.91,"HAWAII"
1981,12,45.04,9.91,"HAWAII"
1982,12,45.04,9.91,"HAWAII"
1983,12,45.04,9.91,"HAWAII"
1984,12,45.04,9.91,"HAWAII"
1985,12,45.04,9.91,"HAWAII"
1986,12,45.04,9.91,"HAWAII"
1987,12,35,9.09,"HAWAII"
1988,12,25.45,9.09,"HAWAII"
1989,12,25.45,9.09,"HAWAII"
1990,12,25.45,9.09,"HAWAII"
1991,12,29.02,9.36,"HAWAII"
1992,12,29.02,9.36,"HAWAII"
1993,12,37.08,9.36,"HAWAII"
1994,12,37.08,9.36,"HAWAII"
1995,12,37.08,9.36,"HAWAII"
1996,12,37.08,9.36,"HAWAII"
1997,12,37.08,9.36,"HAWAII"
1998,12,37.08,9.36,"HAWAII"
1999,12,37.5,8.29,"HAWAII"
2000,12,37.5,8.29,"HAWAII"
2001,12,37.12,8.07,"HAWAII"
2002,12,36.73,7.85,"HAWAII"
2003,12,33.3,7.85,"HAWAII"
2004,12,33.3,7.85,"HAWAII"
2005,12,33.3,7.85,"HAWAII"
2006,12,32.98,7.77,"HAWAII"
2007,12,32.98,7.77,"HAWAII"
2008,12,32.65,7.7,"HAWAII"
2009,12,31.84,10.01,"HAWAII"
2010,12,31.53,9.91,"HAWAII"
2011,12,31.15,11,"HAWAII"
2012,12,31.15,11,"HAWAII"
2013,12,36.43,11,"HAWAII"
2014,12,36.43,11,"HAWAII"
2015,12,36.43,11,"HAWAII"
2016,12,37.42,8.5,"HAWAII"
2017,12,40.79,0,"HAWAII"
2018,12,37,11,"HAWAII"
1977,13,64.75,7.5,"IDAHO"
1978,13,64.75,7.5,"IDAHO"
1979,13,46.25,7.5,"IDAHO"
1980,13,46.25,7.5,"IDAHO"
1981,13,46.25,7.5,"IDAHO"
1982,13,46.25,7.5,"IDAHO"
1983,13,46.25,7.5,"IDAHO"
1984,13,46.25,7.5,"IDAHO"
1985,13,46.25,7.5,"IDAHO"
1986,13,46.25,7.5,"IDAHO"
1987,13,35.34,8.2,"IDAHO"
1988,13,25.7,8.2,"IDAHO"
1989,13,25.7,8.2,"IDAHO"
1990,13,25.7,8.2,"IDAHO"
1991,13,29.36,8.28,"IDAHO"
1992,13,29.36,8.28,"IDAHO"
1993,13,37.51,8.28,"IDAHO"
1994,13,37.51,8.28,"IDAHO"
1995,13,37.51,8.28,"IDAHO"
1996,13,37.51,8.28,"IDAHO"
1997,13,37.51,8.28,"IDAHO"
1998,13,37.51,8.28,"IDAHO"
1999,13,37.51,8.28,"IDAHO"
2000,13,37.55,8.18,"IDAHO"
2001,13,37.19,7.88,"IDAHO"
2002,13,36.72,7.88,"IDAHO"
2003,13,33.29,7.88,"IDAHO"
2004,13,33.29,7.88,"IDAHO"
2005,13,33.29,7.88,"IDAHO"
2006,13,32.95,7.85,"IDAHO"
2007,13,32.95,7.85,"IDAHO"
2008,13,32.61,7.83,"IDAHO"
2009,13,32.61,7.83,"IDAHO"
2010,13,32.27,7.8,"IDAHO"
2011,13,32.27,7.8,"IDAHO"
2012,13,32.41,7.4,"IDAHO"
2013,13,37.82,7.48,"IDAHO"
2014,13,37.82,7.48,"IDAHO"
2015,13,37.82,7.49,"IDAHO"
2016,13,37.82,7.49,"IDAHO"
2017,13,37.82,7.49,"IDAHO"
2018,13,37,6.92,"IDAHO"
1977,14,68.25,2.5,"ILLINOIS"
1978,14,68.25,2.5,"ILLINOIS"
1979,14,48.76,2.5,"ILLINOIS"
1980,14,48.76,2.5,"ILLINOIS"
1981,14,48.76,2.5,"ILLINOIS"
1982,14,48.75,2.5,"ILLINOIS"
1983,14,48.5,3,"ILLINOIS"
1984,14,48.62,2.75,"ILLINOIS"
1985,14,48.75,2.5,"ILLINOIS"
1986,14,48.75,2.5,"ILLINOIS"
1987,14,37.54,2.5,"ILLINOIS"
1988,14,27.3,2.5,"ILLINOIS"
1989,14,27.23,2.75,"ILLINOIS"
1990,14,27.16,3,"ILLINOIS"
1991,14,31,3,"ILLINOIS"
1992,14,31,3,"ILLINOIS"
1993,14,39.6,3,"ILLINOIS"
1994,14,39.6,3,"ILLINOIS"
1995,14,39.6,3,"ILLINOIS"
1996,14,39.6,3,"ILLINOIS"
1997,14,39.6,3,"ILLINOIS"
1998,14,39.6,3,"ILLINOIS"
1999,14,39.6,3,"ILLINOIS"
2000,14,39.6,3,"ILLINOIS"
2001,14,39.1,3,"ILLINOIS"
2002,14,38.6,3,"ILLINOIS"
2003,14,35,3,"ILLINOIS"
2004,14,35,3,"ILLINOIS"
2005,14,35,3,"ILLINOIS"
2006,14,34.65,3,"ILLINOIS"
2007,14,34.65,3,"ILLINOIS"
2008,14,34.3,3,"ILLINOIS"
2009,14,34.3,3,"ILLINOIS"
2010,14,33.95,3,"ILLINOIS"
2011,14,33.25,5,"ILLINOIS"
2012,14,33.25,5,"ILLINOIS"
2013,14,38.81,5,"ILLINOIS"
2014,14,38.81,5,"ILLINOIS"
2015,14,39.3,3.75,"ILLINOIS"
2016,14,39.3,3.75,"ILLINOIS"
2017,14,39.06,4.35,"ILLINOIS"
2018,14,37,4.95,"ILLINOIS"
1977,15,68.6,2,"INDIANA"
1978,15,68.6,2,"INDIANA"
1979,15,49.16,1.7,"INDIANA"
1980,15,49.06,1.9,"INDIANA"
1981,15,49.06,1.9,"INDIANA"
1982,15,49.05,1.9,"INDIANA"
1983,15,48.5,3,"INDIANA"
1984,15,48.5,3,"INDIANA"
1985,15,48.5,3,"INDIANA"
1986,15,48.5,3,"INDIANA"
1987,15,37.27,3.2,"INDIANA"
1988,15,27.05,3.4,"INDIANA"
1989,15,27.05,3.4,"INDIANA"
1990,15,27.05,3.4,"INDIANA"
1991,15,30.88,3.4,"INDIANA"
1992,15,30.88,3.4,"INDIANA"
1993,15,39.44,3.4,"INDIANA"
1994,15,39.44,3.4,"INDIANA"
1995,15,39.44,3.4,"INDIANA"
1996,15,39.44,3.4,"INDIANA"
1997,15,39.44,3.4,"INDIANA"
1998,15,39.44,3.4,"INDIANA"
1999,15,39.44,3.4,"INDIANA"
2000,15,39.44,3.4,"INDIANA"
2001,15,38.94,3.4,"INDIANA"
2002,15,38.45,3.4,"INDIANA"
2003,15,34.86,3.4,"INDIANA"
2004,15,34.86,3.4,"INDIANA"
2005,15,34.86,3.4,"INDIANA"
2006,15,34.51,3.4,"INDIANA"
2007,15,34.51,3.4,"INDIANA"
2008,15,34.16,3.4,"INDIANA"
2009,15,34.16,3.4,"INDIANA"
2010,15,33.81,3.4,"INDIANA"
2011,15,33.81,3.4,"INDIANA"
2012,15,33.81,3.4,"INDIANA"
2013,15,39.44,3.4,"INDIANA"
2014,15,39.44,3.4,"INDIANA"
2015,15,39.48,3.3,"INDIANA"
2016,15,39.48,3.3,"INDIANA"
2017,15,39.51,3.23,"INDIANA"
2018,15,37,3.23,"INDIANA"
1977,16,67,4.29,"IOWA"
1978,16,67,4.29,"IOWA"
1979,16,46.53,6.95,"IOWA"
1980,16,46.53,6.95,"IOWA"
1981,16,46.53,6.95,"IOWA"
1982,16,46.53,6.95,"IOWA"
1983,16,46.53,6.95,"IOWA"
1984,16,46.53,6.95,"IOWA"
1985,16,46.53,6.95,"IOWA"
1986,16,46.53,6.95,"IOWA"
1987,16,36.04,6.38,"IOWA"
1988,16,25.93,7.39,"IOWA"
1989,16,25.93,7.39,"IOWA"
1990,16,25.93,7.39,"IOWA"
1991,16,29.72,7.12,"IOWA"
1992,16,29.72,7.12,"IOWA"
1993,16,38.3,6.28,"IOWA"
1994,16,38.3,6.28,"IOWA"
1995,16,38.3,6.28,"IOWA"
1996,16,38.3,6.28,"IOWA"
1997,16,38.3,6.28,"IOWA"
1998,16,38.56,5.63,"IOWA"
1999,16,38.56,5.63,"IOWA"
2000,16,38.56,5.63,"IOWA"
2001,16,38.05,5.68,"IOWA"
2002,16,37.55,5.72,"IOWA"
2003,16,33.93,6.04,"IOWA"
2004,16,33.93,6.04,"IOWA"
2005,16,33.93,6.04,"IOWA"
2006,16,33.59,6.04,"IOWA"
2007,16,33.59,6.04,"IOWA"
2008,16,33.24,6.03,"IOWA"
2009,16,33.24,6.03,"IOWA"
2010,16,32.74,6.47,"IOWA"
2011,16,32.74,6.47,"IOWA"
2012,16,32.74,6.47,"IOWA"
2013,16,38.55,5.64,"IOWA"
2014,16,38.55,5.64,"IOWA"
2015,16,38.55,5.64,"IOWA"
2016,16,38.55,5.64,"IOWA"
2017,16,38.55,5.64,"IOWA"
2018,16,37,5.93,"IOWA"
1977,17,67.98,2.88,"KANSAS"
1978,17,67.98,2.88,"KANSAS"
1979,17,47.64,4.71,"KANSAS"
1980,17,47.64,4.71,"KANSAS"
1981,17,47.64,4.71,"KANSAS"
1982,17,47.64,4.71,"KANSAS"
1983,17,46.55,6.91,"KANSAS"
1984,17,46.55,6.91,"KANSAS"
1985,17,47.64,4.71,"KANSAS"
1986,17,47.64,4.71,"KANSAS"
1987,17,36.29,5.73,"KANSAS"
1988,17,26.92,3.87,"KANSAS"
1989,17,26.52,5.3,"KANSAS"
1990,17,26.56,5.15,"KANSAS"
1991,17,30.35,5.09,"KANSAS"
1992,17,29.97,6.32,"KANSAS"
1993,17,38.29,6.32,"KANSAS"
1994,17,38.29,6.32,"KANSAS"
1995,17,38.29,6.32,"KANSAS"
1996,17,38.29,6.32,"KANSAS"
1997,17,38.22,6.49,"KANSAS"
1998,17,38.22,6.49,"KANSAS"
1999,17,38.22,6.49,"KANSAS"
2000,17,38.22,6.49,"KANSAS"
2001,17,37.74,6.49,"KANSAS"
2002,17,37.25,6.49,"KANSAS"
2003,17,33.78,6.49,"KANSAS"
2004,17,33.78,6.49,"KANSAS"
2005,17,33.78,6.49,"KANSAS"
2006,17,33.45,6.44,"KANSAS"
2007,17,33.45,6.44,"KANSAS"
2008,17,33.11,6.39,"KANSAS"
2009,17,33.11,6.39,"KANSAS"
2010,17,32.74,6.45,"KANSAS"
2011,17,32.74,6.45,"KANSAS"
2012,17,32.74,6.45,"KANSAS"
2013,17,38.81,5,"KANSAS"
2014,17,38.85,4.89,"KANSAS"
2015,17,38.94,4.67,"KANSAS"
2016,17,38.94,4.67,"KANSAS"
2017,17,38.7,5.28,"KANSAS"
2018,17,37,5.7,"KANSAS"
1977,18,68.68,1.88,"KENTUCKY"
1978,18,68.68,1.88,"KENTUCKY"
1979,18,48.46,3.09,"KENTUCKY"
1980,18,48.46,3.09,"KENTUCKY"
1981,18,48.46,3.09,"KENTUCKY"
1982,18,48.45,3.09,"KENTUCKY"
1983,18,48.45,3.09,"KENTUCKY"
1984,18,48.45,3.09,"KENTUCKY"
1985,18,48.45,3.09,"KENTUCKY"
1986,18,48.45,3.09,"KENTUCKY"
1987,18,37.05,3.78,"KENTUCKY"
1988,18,26.77,4.39,"KENTUCKY"
1989,18,26.77,4.39,"KENTUCKY"
1990,18,26.77,4.39,"KENTUCKY"
1991,18,30.01,6.18,"KENTUCKY"
1992,18,30.01,6.18,"KENTUCKY"
1993,18,38.34,6.18,"KENTUCKY"
1994,18,38.34,6.18,"KENTUCKY"
1995,18,38.34,6.18,"KENTUCKY"
1996,18,38.34,6.18,"KENTUCKY"
1997,18,38.34,6.18,"KENTUCKY"
1998,18,38.34,6.18,"KENTUCKY"
1999,18,38.34,6.18,"KENTUCKY"
2000,18,38.34,6.18,"KENTUCKY"
2001,18,37.86,6.18,"KENTUCKY"
2002,18,37.37,6.18,"KENTUCKY"
2003,18,33.89,6.18,"KENTUCKY"
2004,18,33.89,6.18,"KENTUCKY"
2005,18,33.89,6.18,"KENTUCKY"
2006,18,33.56,6.12,"KENTUCKY"
2007,18,33.56,6.12,"KENTUCKY"
2008,18,33.23,6.06,"KENTUCKY"
2009,18,33.23,6.06,"KENTUCKY"
2010,18,32.9,6,"KENTUCKY"
2011,18,32.84,6.18,"KENTUCKY"
2012,18,32.84,6.18,"KENTUCKY"
2013,18,38.34,6.18,"KENTUCKY"
2014,18,38.34,6.18,"KENTUCKY"
2015,18,38.34,6.18,"KENTUCKY"
2016,18,38.34,6.18,"KENTUCKY"
2017,18,38.34,6.18,"KENTUCKY"
2018,18,37,5,"KENTUCKY"
1977,19,68.68,1.88,"LOUISIANA"
1978,19,68.68,1.88,"LOUISIANA"
1979,19,49.07,1.88,"LOUISIANA"
1980,19,48.55,2.91,"LOUISIANA"
1981,19,48.55,2.91,"LOUISIANA"
1982,19,48.54,2.91,"LOUISIANA"
1983,19,48.54,2.91,"LOUISIANA"
1984,19,48.54,2.91,"LOUISIANA"
1985,19,48.54,2.91,"LOUISIANA"
1986,19,48.54,2.91,"LOUISIANA"
1987,19,37.13,3.56,"LOUISIANA"
1988,19,26.84,4.14,"LOUISIANA"
1989,19,26.84,4.14,"LOUISIANA"
1990,19,26.84,4.14,"LOUISIANA"
1991,19,30.66,4.09,"LOUISIANA"
1992,19,30.66,4.09,"LOUISIANA"
1993,19,39.36,3.6,"LOUISIANA"
1994,19,39.36,3.6,"LOUISIANA"
1995,19,39.36,3.6,"LOUISIANA"
1996,19,39.36,3.6,"LOUISIANA"
1997,19,39.36,3.6,"LOUISIANA"
1998,19,39.36,3.6,"LOUISIANA"
1999,19,39.36,3.6,"LOUISIANA"
2000,19,39.35,3.62,"LOUISIANA"
2001,19,38.85,3.65,"LOUISIANA"
2002,19,38.34,3.68,"LOUISIANA"
2003,19,34.68,3.92,"LOUISIANA"
2004,19,34.68,3.92,"LOUISIANA"
2005,19,34.68,3.92,"LOUISIANA"
2006,19,34.32,3.94,"LOUISIANA"
2007,19,34.34,3.87,"LOUISIANA"
2008,19,34,3.85,"LOUISIANA"
2009,19,34.02,3.79,"LOUISIANA"
2010,19,33.69,3.75,"LOUISIANA"
2011,19,33.69,3.75,"LOUISIANA"
2012,19,33.69,3.75,"LOUISIANA"
2013,19,39.36,3.6,"LOUISIANA"
2014,19,39.36,3.6,"LOUISIANA"
2015,19,39.36,3.6,"LOUISIANA"
2016,19,39.36,3.6,"LOUISIANA"
2017,19,39.36,3.6,"LOUISIANA"
2018,19,37,3.78,"LOUISIANA"
1977,20,63,10,"MAINE"
1978,20,63,10,"MAINE"
1979,20,45,10,"MAINE"
1980,20,45,10,"MAINE"
1981,20,45,10,"MAINE"
1982,20,45,10,"MAINE"
1983,20,45,10,"MAINE"
1984,20,45,10,"MAINE"
1985,20,45,10,"MAINE"
1986,20,45,10,"MAINE"
1987,20,34.65,10,"MAINE"
1988,20,25.76,8,"MAINE"
1989,20,25.62,8.5,"MAINE"
1990,20,25.62,8.5,"MAINE"
1991,20,28.77,10.19,"MAINE"
1992,20,28.77,10.19,"MAINE"
1993,20,37.32,8.75,"MAINE"
1994,20,37.32,8.75,"MAINE"
1995,20,37.32,8.75,"MAINE"
1996,20,37.32,8.75,"MAINE"
1997,20,37.32,8.75,"MAINE"
1998,20,37.32,8.75,"MAINE"
1999,20,37.32,8.75,"MAINE"
2000,20,37.32,8.75,"MAINE"
2001,20,36.85,8.75,"MAINE"
2002,20,36.38,8.75,"MAINE"
2003,20,32.99,8.75,"MAINE"
2004,20,32.99,8.75,"MAINE"
2005,20,32.99,8.75,"MAINE"
2006,20,32.67,8.67,"MAINE"
2007,20,32.67,8.67,"MAINE"
2008,20,32.35,8.58,"MAINE"
2009,20,32.35,8.58,"MAINE"
2010,20,32.02,8.5,"MAINE"
2011,20,32.02,8.5,"MAINE"
2012,20,32.02,8.5,"MAINE"
2013,20,37.64,7.95,"MAINE"
2014,20,37.64,7.95,"MAINE"
2015,20,37.64,7.95,"MAINE"
2016,20,37.96,7.15,"MAINE"
2017,20,37.96,7.15,"MAINE"
2018,20,37,7.15,"MAINE"
1977,21,64.75,7.5,"MARYLAND"
1978,21,64.75,7.5,"MARYLAND"
1979,21,47.5,5,"MARYLAND"
1980,21,47.5,5,"MARYLAND"
1981,21,47.5,5,"MARYLAND"
1982,21,47.5,5,"MARYLAND"
1983,21,47.5,5,"MARYLAND"
1984,21,47.5,5,"MARYLAND"
1985,21,47.5,5,"MARYLAND"
1986,21,47.5,5,"MARYLAND"
1987,21,36.58,5,"MARYLAND"
1988,21,26.6,5,"MARYLAND"
1989,21,26.6,5,"MARYLAND"
1990,21,26.6,5,"MARYLAND"
1991,21,30.36,5.07,"MARYLAND"
1992,21,30.05,6.07,"MARYLAND"
1993,21,38.38,6.07,"MARYLAND"
1994,21,38.38,6.07,"MARYLAND"
1995,21,38.78,5.07,"MARYLAND"
1996,21,38.78,5.07,"MARYLAND"
1997,21,38.78,5.07,"MARYLAND"
1998,21,38.83,4.94,"MARYLAND"
1999,21,38.84,4.92,"MARYLAND"
2000,21,38.84,4.92,"MARYLAND"
2001,21,38.37,4.87,"MARYLAND"
2002,21,37.9,4.82,"MARYLAND"
2003,21,34.36,4.82,"MARYLAND"
2004,21,34.36,4.82,"MARYLAND"
2005,21,34.36,4.82,"MARYLAND"
2006,21,34.02,4.8,"MARYLAND"
2007,21,34.02,4.8,"MARYLAND"
2008,21,33.15,6.28,"MARYLAND"
2009,21,33.15,6.28,"MARYLAND"
2010,21,32.81,6.25,"MARYLAND"
2011,21,32.81,6.25,"MARYLAND"
2012,21,32.99,5.75,"MARYLAND"
2013,21,38.48,5.83,"MARYLAND"
2014,21,38.48,5.83,"MARYLAND"
2015,21,38.48,5.83,"MARYLAND"
2016,21,38.48,5.83,"MARYLAND"
2017,21,38.48,5.83,"MARYLAND"
2018,21,37,5.75,"MARYLAND"
1977,22,66.24,5.38,"MASSACHUSETTS"
1978,22,66.24,5.38,"MASSACHUSETTS"
1979,22,47.32,5.38,"MASSACHUSETTS"
1980,22,47.32,5.38,"MASSACHUSETTS"
1981,22,47.32,5.38,"MASSACHUSETTS"
1982,22,47.31,5.38,"MASSACHUSETTS"
1983,22,47.31,5.38,"MASSACHUSETTS"
1984,22,47.31,5.38,"MASSACHUSETTS"
1985,22,47.31,5.38,"MASSACHUSETTS"
1986,22,47.5,5,"MASSACHUSETTS"
1987,22,36.58,5,"MASSACHUSETTS"
1988,22,26.6,5,"MASSACHUSETTS"
1989,22,26.5,5.38,"MASSACHUSETTS"
1990,22,26.33,5.95,"MASSACHUSETTS"
1991,22,29.99,6.25,"MASSACHUSETTS"
1992,22,30.09,5.95,"MASSACHUSETTS"
1993,22,38.43,5.95,"MASSACHUSETTS"
1994,22,38.43,5.95,"MASSACHUSETTS"
1995,22,38.43,5.95,"MASSACHUSETTS"
1996,22,38.43,5.95,"MASSACHUSETTS"
1997,22,38.43,5.95,"MASSACHUSETTS"
1998,22,38.43,5.95,"MASSACHUSETTS"
1999,22,38.43,5.95,"MASSACHUSETTS"
2000,22,38.47,5.85,"MASSACHUSETTS"
2001,22,38.08,5.6,"MASSACHUSETTS"
2002,22,37.71,5.3,"MASSACHUSETTS"
2003,22,34.19,5.3,"MASSACHUSETTS"
2004,22,34.19,5.3,"MASSACHUSETTS"
2005,22,34.19,5.3,"MASSACHUSETTS"
2006,22,33.84,5.3,"MASSACHUSETTS"
2007,22,33.84,5.3,"MASSACHUSETTS"
2008,22,33.49,5.3,"MASSACHUSETTS"
2009,22,33.49,5.3,"MASSACHUSETTS"
2010,22,33.15,5.3,"MASSACHUSETTS"
2011,22,33.15,5.3,"MASSACHUSETTS"
2012,22,33.16,5.25,"MASSACHUSETTS"
2013,22,38.71,5.25,"MASSACHUSETTS"
2014,22,38.73,5.2,"MASSACHUSETTS"
2015,22,38.75,5.15,"MASSACHUSETTS"
2016,22,38.77,5.1,"MASSACHUSETTS"
2017,22,38.77,5.1,"MASSACHUSETTS"
2018,22,37,5.1,"MASSACHUSETTS"
1977,23,66.78,4.6,"MICHIGAN"
1978,23,66.78,4.6,"MICHIGAN"
1979,23,47.71,4.6,"MICHIGAN"
1980,23,47.71,4.6,"MICHIGAN"
1981,23,47.7,4.6,"MICHIGAN"
1982,23,47.45,5.1,"MICHIGAN"
1983,23,46.83,6.35,"MICHIGAN"
1984,23,47.08,5.85,"MICHIGAN"
1985,23,47.33,5.33,"MICHIGAN"
1986,23,47.7,4.6,"MICHIGAN"
1987,23,36.73,4.6,"MICHIGAN"
1988,23,26.71,4.6,"MICHIGAN"
1989,23,26.71,4.6,"MICHIGAN"
1990,23,26.71,4.6,"MICHIGAN"
1991,23,30.5,4.6,"MICHIGAN"
1992,23,30.5,4.6,"MICHIGAN"
1993,23,38.97,4.6,"MICHIGAN"
1994,23,39.02,4.47,"MICHIGAN"
1995,23,39.05,4.4,"MICHIGAN"
1996,23,39.05,4.4,"MICHIGAN"
1997,23,39.05,4.4,"MICHIGAN"
1998,23,39.05,4.4,"MICHIGAN"
1999,23,39.05,4.4,"MICHIGAN"
2000,23,39.12,4.2,"MICHIGAN"
2001,23,38.63,4.2,"MICHIGAN"
2002,23,38.18,4.1,"MICHIGAN"
2003,23,34.65,4,"MICHIGAN"
2004,23,34.67,3.95,"MICHIGAN"
2005,23,34.68,3.9,"MICHIGAN"
2006,23,34.33,3.9,"MICHIGAN"
2007,23,34.3,4.01,"MICHIGAN"
2008,23,33.83,4.35,"MICHIGAN"
2009,23,33.83,4.35,"MICHIGAN"
2010,23,33.48,4.35,"MICHIGAN"
2011,23,33.48,4.35,"MICHIGAN"
2012,23,33.48,4.33,"MICHIGAN"
2013,23,39.1,4.25,"MICHIGAN"
2014,23,39.1,4.25,"MICHIGAN"
2015,23,39.1,4.25,"MICHIGAN"
2016,23,39.1,4.25,"MICHIGAN"
2017,23,39.1,4.25,"MICHIGAN"
2018,23,37,4.25,"MICHIGAN"
1977,24,66.48,5.03,"MINNESOTA"
1978,24,65.95,5.79,"MINNESOTA"
1979,24,45.36,9.29,"MINNESOTA"
1980,24,45.66,8.69,"MINNESOTA"
1981,24,45.66,8.69,"MINNESOTA"
1982,24,45.32,9.36,"MINNESOTA"
1983,24,45.18,9.65,"MINNESOTA"
1984,24,45.65,8.7,"MINNESOTA"
1985,24,46.24,7.53,"MINNESOTA"
1986,24,46.24,7.53,"MINNESOTA"
1987,24,35.03,9,"MINNESOTA"
1988,24,25.48,9,"MINNESOTA"
1989,24,25.48,9,"MINNESOTA"
1990,24,25.48,9,"MINNESOTA"
1991,24,29.22,8.75,"MINNESOTA"
1992,24,29.22,8.75,"MINNESOTA"
1993,24,37.32,8.75,"MINNESOTA"
1994,24,37.32,8.75,"MINNESOTA"
1995,24,37.32,8.75,"MINNESOTA"
1996,24,37.32,8.75,"MINNESOTA"
1997,24,37.32,8.75,"MINNESOTA"
1998,24,37.32,8.75,"MINNESOTA"
1999,24,37.52,8.24,"MINNESOTA"
2000,24,37.59,8.09,"MINNESOTA"
2001,24,37.11,8.09,"MINNESOTA"
2002,24,36.64,8.09,"MINNESOTA"
2003,24,33.22,8.09,"MINNESOTA"
2004,24,33.22,8.09,"MINNESOTA"
2005,24,33.22,8.09,"MINNESOTA"
2006,24,32.9,8.01,"MINNESOTA"
2007,24,32.9,8.01,"MINNESOTA"
2008,24,32.58,7.93,"MINNESOTA"
2009,24,32.58,7.93,"MINNESOTA"
2010,24,32.25,7.85,"MINNESOTA"
2011,24,32.17,8.09,"MINNESOTA"
2012,24,32.17,8.09,"MINNESOTA"
2013,24,36.65,10.44,"MINNESOTA"
2014,24,36.77,10.15,"MINNESOTA"
2015,24,36.77,10.15,"MINNESOTA"
2016,24,36.77,10.15,"MINNESOTA"
2017,24,36.77,10.15,"MINNESOTA"
2018,24,37,9.85,"MINNESOTA"
1977,25,67.85,3.08,"MISSISSIPPI"
1978,25,67.85,3.08,"MISSISSIPPI"
1979,25,48.08,3.85,"MISSISSIPPI"
1980,25,48.08,3.85,"MISSISSIPPI"
1981,25,48.08,3.85,"MISSISSIPPI"
1982,25,48.08,3.85,"MISSISSIPPI"
1983,25,47.62,4.76,"MISSISSIPPI"
1984,25,47.62,4.76,"MISSISSIPPI"
1985,25,47.62,4.76,"MISSISSIPPI"
1986,25,47.62,4.76,"MISSISSIPPI"
1987,25,36.67,4.76,"MISSISSIPPI"
1988,25,26.67,4.76,"MISSISSIPPI"
1989,25,26.67,4.76,"MISSISSIPPI"
1990,25,26.67,4.76,"MISSISSIPPI"
1991,25,30.36,5.07,"MISSISSIPPI"
1992,25,30.36,5.07,"MISSISSIPPI"
1993,25,38.78,5.07,"MISSISSIPPI"
1994,25,38.78,5.07,"MISSISSIPPI"
1995,25,38.78,5.07,"MISSISSIPPI"
1996,25,38.78,5.07,"MISSISSIPPI"
1997,25,38.78,5.07,"MISSISSIPPI"
1998,25,38.78,5.07,"MISSISSIPPI"
1999,25,38.78,5.07,"MISSISSIPPI"
2000,25,38.78,5.07,"MISSISSIPPI"
2001,25,38.29,5.07,"MISSISSIPPI"
2002,25,37.8,5.07,"MISSISSIPPI"
2003,25,34.28,5.07,"MISSISSIPPI"
2004,25,34.28,5.07,"MISSISSIPPI"
2005,25,34.28,5.07,"MISSISSIPPI"
2006,25,33.93,5.05,"MISSISSIPPI"
2007,25,33.93,5.05,"MISSISSIPPI"
2008,25,33.59,5.02,"MISSISSIPPI"
2009,25,33.59,5.02,"MISSISSIPPI"
2010,25,33.25,5,"MISSISSIPPI"
2011,25,33.25,5,"MISSISSIPPI"
2012,25,33.25,5,"MISSISSIPPI"
2013,25,38.78,5.07,"MISSISSIPPI"
2014,25,38.78,5.07,"MISSISSIPPI"
2015,25,38.78,5.07,"MISSISSIPPI"
2016,25,38.78,5.07,"MISSISSIPPI"
2017,25,38.78,5.07,"MISSISSIPPI"
2018,25,37,5,"MISSISSIPPI"
1977,26,68.68,1.88,"MISSOURI"
1978,26,68.68,1.88,"MISSOURI"
1979,26,48.46,3.09,"MISSOURI"
1980,26,48.46,3.09,"MISSOURI"
1981,26,48.46,3.09,"MISSOURI"
1982,26,48.45,3.09,"MISSOURI"
1983,26,48.45,3.09,"MISSOURI"
1984,26,48.45,3.09,"MISSOURI"
1985,26,48.45,3.09,"MISSOURI"
1986,26,48.45,3.09,"MISSOURI"
1987,26,37.05,3.78,"MISSOURI"
1988,26,26.77,4.39,"MISSOURI"
1989,26,26.77,4.39,"MISSOURI"
1990,26,26.77,4.39,"MISSOURI"
1991,26,30.58,4.35,"MISSOURI"
1992,26,30.58,4.35,"MISSOURI"
1993,26,39.31,3.74,"MISSOURI"
1994,26,38.38,6.07,"MISSOURI"
1995,26,38.38,6.07,"MISSOURI"
1996,26,38.38,6.07,"MISSOURI"
1997,26,38.38,6.07,"MISSOURI"
1998,26,38.38,6.07,"MISSOURI"
1999,26,38.38,6.07,"MISSOURI"
2000,26,38.38,6.07,"MISSOURI"
2001,26,37.9,6.07,"MISSOURI"
2002,26,37.41,6.07,"MISSOURI"
2003,26,33.92,6.07,"MISSOURI"
2004,26,33.92,6.07,"MISSOURI"
2005,26,33.92,6.07,"MISSOURI"
2006,26,33.59,6.02,"MISSOURI"
2007,26,33.59,6.02,"MISSOURI"
2008,26,33.27,5.96,"MISSOURI"
2009,26,33.27,5.96,"MISSOURI"
2010,26,32.94,5.9,"MISSOURI"
2011,26,32.94,5.9,"MISSOURI"
2012,26,32.94,5.9,"MISSOURI"
2013,26,38.38,6.08,"MISSOURI"
2014,26,38.38,6.08,"MISSOURI"
2015,26,38.38,6.08,"MISSOURI"
2016,26,38.38,6.08,"MISSOURI"
2017,26,38.38,6.08,"MISSOURI"
2018,26,37,5.9,"MISSOURI"
1977,27,67.23,3.97,"MONTANA"
1978,27,67.23,3.97,"MONTANA"
1979,27,46.79,6.44,"MONTANA"
1980,27,46.79,6.44,"MONTANA"
1981,27,47.1,5.82,"MONTANA"
1982,27,47.09,5.82,"MONTANA"
1983,27,47.09,5.82,"MONTANA"
1984,27,47.09,5.82,"MONTANA"
1985,27,47.09,5.82,"MONTANA"
1986,27,47.09,5.82,"MONTANA"
1987,27,35.5,7.81,"MONTANA"
1988,27,25.48,9.02,"MONTANA"
1989,27,25.71,8.17,"MONTANA"
1990,27,25.59,8.59,"MONTANA"
1991,27,29.42,8.09,"MONTANA"
1992,27,29.36,8.29,"MONTANA"
1993,27,37.82,7.51,"MONTANA"
1994,27,37.95,7.15,"MONTANA"
1995,27,37.95,7.15,"MONTANA"
1996,27,37.95,7.15,"MONTANA"
1997,27,37.95,7.15,"MONTANA"
1998,27,37.95,7.15,"MONTANA"
1999,27,37.95,7.15,"MONTANA"
2000,27,37.95,7.15,"MONTANA"
2001,27,37.45,7.21,"MONTANA"
2002,27,36.95,7.27,"MONTANA"
2003,27,33.37,7.66,"MONTANA"
2004,27,33.37,7.66,"MONTANA"
2005,27,33.56,7.11,"MONTANA"
2006,27,33.24,7.04,"MONTANA"
2007,27,33.24,7.04,"MONTANA"
2008,27,32.91,6.97,"MONTANA"
2009,27,32.91,6.97,"MONTANA"
2010,27,32.59,6.9,"MONTANA"
2011,27,32.51,7.11,"MONTANA"
2012,27,32.51,7.11,"MONTANA"
2013,27,37.97,7.11,"MONTANA"
2014,27,37.97,7.11,"MONTANA"
2015,27,37.97,7.11,"MONTANA"
2016,27,37.97,7.11,"MONTANA"
2017,27,37.97,7.11,"MONTANA"
2018,27,37,6.9,"MONTANA"
1977,28,62.15,11.19,"NEBRASKA"
1978,28,62.94,10.07,"NEBRASKA"
1979,28,44.4,11.19,"NEBRASKA"
1980,28,45.25,9.5,"NEBRASKA"
1981,28,45.3,9.39,"NEBRASKA"
1982,28,45.87,8.26,"NEBRASKA"
1983,28,45.45,9.09,"NEBRASKA"
1984,28,45.66,8.68,"NEBRASKA"
1985,28,45.45,9.09,"NEBRASKA"
1986,28,45.66,8.68,"NEBRASKA"
1987,28,36.23,5.9,"NEBRASKA"
1988,28,26.35,5.9,"NEBRASKA"
1989,28,26.35,5.9,"NEBRASKA"
1990,28,26.21,6.41,"NEBRASKA"
1991,28,29.78,6.92,"NEBRASKA"
1992,28,29.78,6.92,"NEBRASKA"
1993,28,37.95,7.16,"NEBRASKA"
1994,28,37.95,7.16,"NEBRASKA"
1995,28,37.95,7.16,"NEBRASKA"
1996,28,37.95,7.16,"NEBRASKA"
1997,28,38.08,6.85,"NEBRASKA"
1998,28,38.08,6.85,"NEBRASKA"
1999,28,38.08,6.85,"NEBRASKA"
2000,28,38.08,6.85,"NEBRASKA"
2001,28,37.6,6.85,"NEBRASKA"
2002,28,37.12,6.85,"NEBRASKA"
2003,28,33.6,7.01,"NEBRASKA"
2004,28,33.6,7.01,"NEBRASKA"
2005,28,33.6,7.01,"NEBRASKA"
2006,28,33.25,7.01,"NEBRASKA"
2007,28,33.25,7.01,"NEBRASKA"
2008,28,33.46,5.4,"NEBRASKA"
2009,28,33.46,5.4,"NEBRASKA"
2010,28,33.07,5.51,"NEBRASKA"
2011,28,33.07,5.51,"NEBRASKA"
2012,28,33.07,5.51,"NEBRASKA"
2013,28,38.01,7.02,"NEBRASKA"
2014,28,38.01,7.02,"NEBRASKA"
2015,28,38.01,7.02,"NEBRASKA"
2016,28,37.74,7.71,"NEBRASKA"
2017,28,37.74,7.71,"NEBRASKA"
2018,28,37,6.84,"NEBRASKA"
1977,29,70,0,"NEVADA"
1978,29,70,0,"NEVADA"
1979,29,50.01,0,"NEVADA"
1980,29,50.01,0,"NEVADA"
1981,29,50.01,0,"NEVADA"
1982,29,50,0,"NEVADA"
1983,29,50,0,"NEVADA"
1984,29,50,0,"NEVADA"
1985,29,50,0,"NEVADA"
1986,29,50,0,"NEVADA"
1987,29,38.5,0,"NEVADA"
1988,29,28,0,"NEVADA"
1989,29,28,0,"NEVADA"
1990,29,28,0,"NEVADA"
1991,29,31.93,0,"NEVADA"
1992,29,31.93,0,"NEVADA"
1993,29,40.79,0,"NEVADA"
1994,29,40.79,0,"NEVADA"
1995,29,40.79,0,"NEVADA"
1996,29,40.79,0,"NEVADA"
1997,29,40.79,0,"NEVADA"
1998,29,40.79,0,"NEVADA"
1999,29,40.79,0,"NEVADA"
2000,29,40.79,0,"NEVADA"
2001,29,40.27,0,"NEVADA"
2002,29,39.76,0,"NEVADA"
2003,29,36.05,0,"NEVADA"
2004,29,36.05,0,"NEVADA"
2005,29,36.05,0,"NEVADA"
2006,29,35.7,0,"NEVADA"
2007,29,35.7,0,"NEVADA"
2008,29,35.35,0,"NEVADA"
2009,29,35.35,0,"NEVADA"
2010,29,35,0,"NEVADA"
2011,29,35,0,"NEVADA"
2012,29,35,0,"NEVADA"
2013,29,40.79,0,"NEVADA"
2014,29,40.79,0,"NEVADA"
2015,29,40.79,0,"NEVADA"
2016,29,40.79,0,"NEVADA"
2017,29,40.79,0,"NEVADA"
2018,29,37,0,"NEVADA"
1977,30,70,0,"NEW HAMPSHIRE"
1978,30,70,0,"NEW HAMPSHIRE"
1979,30,50.01,0,"NEW HAMPSHIRE"
1980,30,50.01,0,"NEW HAMPSHIRE"
1981,30,50.01,0,"NEW HAMPSHIRE"
1982,30,50,0,"NEW HAMPSHIRE"
1983,30,50,0,"NEW HAMPSHIRE"
1984,30,50,0,"NEW HAMPSHIRE"
1985,30,50,0,"NEW HAMPSHIRE"
1986,30,50,0,"NEW HAMPSHIRE"
1987,30,38.5,0,"NEW HAMPSHIRE"
1988,30,28,0,"NEW HAMPSHIRE"
1989,30,28,0,"NEW HAMPSHIRE"
1990,30,28,0,"NEW HAMPSHIRE"
1991,30,31.93,0,"NEW HAMPSHIRE"
1992,30,31.93,0,"NEW HAMPSHIRE"
1993,30,40.79,0,"NEW HAMPSHIRE"
1994,30,40.79,0,"NEW HAMPSHIRE"
1995,30,40.79,0,"NEW HAMPSHIRE"
1996,30,40.79,0,"NEW HAMPSHIRE"
1997,30,40.79,0,"NEW HAMPSHIRE"
1998,30,40.79,0,"NEW HAMPSHIRE"
1999,30,40.79,0,"NEW HAMPSHIRE"
2000,30,40.79,0,"NEW HAMPSHIRE"
2001,30,40.27,0,"NEW HAMPSHIRE"
2002,30,39.76,0,"NEW HAMPSHIRE"
2003,30,36.05,0,"NEW HAMPSHIRE"
2004,30,36.05,0,"NEW HAMPSHIRE"
2005,30,36.05,0,"NEW HAMPSHIRE"
2006,30,35.7,0,"NEW HAMPSHIRE"
2007,30,35.7,0,"NEW HAMPSHIRE"
2008,30,35.35,0,"NEW HAMPSHIRE"
2009,30,35.35,0,"NEW HAMPSHIRE"
2010,30,35,0,"NEW HAMPSHIRE"
2011,30,35,0,"NEW HAMPSHIRE"
2012,30,35,0,"NEW HAMPSHIRE"
2013,30,40.79,0,"NEW HAMPSHIRE"
2014,30,40.79,0,"NEW HAMPSHIRE"
2015,30,40.79,0,"NEW HAMPSHIRE"
2016,30,40.79,0,"NEW HAMPSHIRE"
2017,30,40.79,0,"NEW HAMPSHIRE"
2018,30,37,0,"NEW HAMPSHIRE"
1977,31,68.25,2.5,"NEW JERSEY"
1978,31,68.25,2.5,"NEW JERSEY"
1979,31,48.76,2.5,"NEW JERSEY"
1980,31,48.76,2.5,"NEW JERSEY"
1981,31,48.76,2.5,"NEW JERSEY"
1982,31,48.75,2.5,"NEW JERSEY"
1983,31,48.25,3.5,"NEW JERSEY"
1984,31,48.25,3.5,"NEW JERSEY"
1985,31,48.25,3.5,"NEW JERSEY"
1986,31,48.25,3.5,"NEW JERSEY"
1987,31,37.15,3.5,"NEW JERSEY"
1988,31,27.02,3.5,"NEW JERSEY"
1989,31,27.02,3.5,"NEW JERSEY"
1990,31,27.02,3.5,"NEW JERSEY"
1991,31,29.76,7,"NEW JERSEY"
1992,31,29.76,7,"NEW JERSEY"
1993,31,38.02,7,"NEW JERSEY"
1994,31,38.15,6.65,"NEW JERSEY"
1995,31,38.18,6.58,"NEW JERSEY"
1996,31,38.27,6.37,"NEW JERSEY"
1997,31,38.27,6.37,"NEW JERSEY"
1998,31,38.27,6.37,"NEW JERSEY"
1999,31,38.27,6.37,"NEW JERSEY"
2000,31,38.27,6.37,"NEW JERSEY"
2001,31,37.78,6.37,"NEW JERSEY"
2002,31,37.3,6.37,"NEW JERSEY"
2003,31,33.82,6.37,"NEW JERSEY"
2004,31,32.91,8.97,"NEW JERSEY"
2005,31,32.91,8.97,"NEW JERSEY"
2006,31,32.56,8.97,"NEW JERSEY"
2007,31,32.56,8.97,"NEW JERSEY"
2008,31,32.21,8.97,"NEW JERSEY"
2009,31,31.59,10.75,"NEW JERSEY"
2010,31,31.86,8.97,"NEW JERSEY"
2011,31,31.86,8.97,"NEW JERSEY"
2012,31,31.86,8.97,"NEW JERSEY"
2013,31,37.24,8.97,"NEW JERSEY"
2014,31,37.24,8.97,"NEW JERSEY"
2015,31,37.24,8.97,"NEW JERSEY"
2016,31,37.24,8.97,"NEW JERSEY"
2017,31,37.24,8.97,"NEW JERSEY"
2018,31,37,8.97,"NEW JERSEY"
1977,32,63.7,9,"NEW MEXICO"
1978,32,63.7,9,"NEW MEXICO"
1979,32,45.5,9,"NEW MEXICO"
1980,32,45.5,9,"NEW MEXICO"
1981,32,46.65,6.7,"NEW MEXICO"
1982,32,47,6,"NEW MEXICO"
1983,32,46.1,7.8,"NEW MEXICO"
1984,32,46.1,7.8,"NEW MEXICO"
1985,32,46.1,7.8,"NEW MEXICO"
1986,32,46.1,7.8,"NEW MEXICO"
1987,32,35.23,8.5,"NEW MEXICO"
1988,32,25.62,8.5,"NEW MEXICO"
1989,32,25.62,8.5,"NEW MEXICO"
1990,32,25.62,8.5,"NEW MEXICO"
1991,32,29.22,8.75,"NEW MEXICO"
1992,32,29.22,8.75,"NEW MEXICO"
1993,32,37.32,8.75,"NEW MEXICO"
1994,32,37.32,8.75,"NEW MEXICO"
1995,32,37.32,8.75,"NEW MEXICO"
1996,32,37.32,8.75,"NEW MEXICO"
1997,32,37.32,8.75,"NEW MEXICO"
1998,32,37.44,8.45,"NEW MEXICO"
1999,32,37.44,8.45,"NEW MEXICO"
2000,32,37.44,8.45,"NEW MEXICO"
2001,32,36.97,8.45,"NEW MEXICO"
2002,32,36.5,8.45,"NEW MEXICO"
2003,32,33.27,7.93,"NEW MEXICO"
2004,32,33.6,7,"NEW MEXICO"
2005,32,34,5.87,"NEW MEXICO"
2006,32,33.81,5.41,"NEW MEXICO"
2007,32,33.81,5.41,"NEW MEXICO"
2008,32,33.62,4.95,"NEW MEXICO"
2009,32,33.62,4.95,"NEW MEXICO"
2010,32,33.28,4.9,"NEW MEXICO"
2011,32,33.28,4.9,"NEW MEXICO"
2012,32,33.28,4.9,"NEW MEXICO"
2013,32,38.79,5.05,"NEW MEXICO"
2014,32,38.79,5.05,"NEW MEXICO"
2015,32,38.79,5.05,"NEW MEXICO"
2016,32,38.79,5.05,"NEW MEXICO"
2017,32,38.79,5.05,"NEW MEXICO"
2018,32,37,4.9,"NEW MEXICO"
1977,33,59.5,15,"NEW YORK"
1978,33,59.5,15,"NEW YORK"
1979,33,44,12,"NEW YORK"
1980,33,44.5,11,"NEW YORK"
1981,33,45,10,"NEW YORK"
1982,33,45,10,"NEW YORK"
1983,33,45,10,"NEW YORK"
1984,33,45,10,"NEW YORK"
1985,33,45.25,9.5,"NEW YORK"
1986,33,45,10,"NEW YORK"
1987,33,35.23,8.5,"NEW YORK"
1988,33,25.65,8.38,"NEW YORK"
1989,33,25.8,7.88,"NEW YORK"
1990,33,25.8,7.88,"NEW YORK"
1991,33,29.48,7.91,"NEW YORK"
1992,33,29.48,7.91,"NEW YORK"
1993,33,37.65,7.91,"NEW YORK"
1994,33,37.65,7.91,"NEW YORK"
1995,33,37.77,7.63,"NEW YORK"
1996,33,37.95,7.16,"NEW YORK"
1997,33,38.06,6.89,"NEW YORK"
1998,33,38.06,6.89,"NEW YORK"
1999,33,38.06,6.89,"NEW YORK"
2000,33,38.06,6.89,"NEW YORK"
2001,33,37.58,6.89,"NEW YORK"
2002,33,37.1,6.89,"NEW YORK"
2003,33,33.34,7.74,"NEW YORK"
2004,33,33.34,7.74,"NEW YORK"
2005,33,33.34,7.74,"NEW YORK"
2006,33,33.29,6.88,"NEW YORK"
2007,33,33.29,6.88,"NEW YORK"
2008,33,32.95,6.86,"NEW YORK"
2009,33,32.21,8.98,"NEW YORK"
2010,33,31.86,8.97,"NEW YORK"
2011,33,31.86,8.97,"NEW YORK"
2012,33,32.6,6.85,"NEW YORK"
2013,33,38.06,6.89,"NEW YORK"
2014,33,38.06,6.89,"NEW YORK"
2015,33,38.06,6.89,"NEW YORK"
2016,33,38.06,6.89,"NEW YORK"
2017,33,38.06,6.89,"NEW YORK"
2018,33,37,6.95,"NEW YORK"
1977,34,65.1,7,"NORTH CAROLINA"
1978,34,65.1,7,"NORTH CAROLINA"
1979,34,46.5,7,"NORTH CAROLINA"
1980,34,46.5,7,"NORTH CAROLINA"
1981,34,46.5,7,"NORTH CAROLINA"
1982,34,46.5,7,"NORTH CAROLINA"
1983,34,46.5,7,"NORTH CAROLINA"
1984,34,46.5,7,"NORTH CAROLINA"
1985,34,46.5,7,"NORTH CAROLINA"
1986,34,46.5,7,"NORTH CAROLINA"
1987,34,35.8,7,"NORTH CAROLINA"
1988,34,26.04,7,"NORTH CAROLINA"
1989,34,26.04,7,"NORTH CAROLINA"
1990,34,26.04,7,"NORTH CAROLINA"
1991,34,29.46,7.98,"NORTH CAROLINA"
1992,34,29.46,7.98,"NORTH CAROLINA"
1993,34,37.63,7.98,"NORTH CAROLINA"
1994,34,37.63,7.98,"NORTH CAROLINA"
1995,34,37.63,7.98,"NORTH CAROLINA"
1996,34,37.63,7.98,"NORTH CAROLINA"
1997,34,37.63,7.98,"NORTH CAROLINA"
1998,34,37.63,7.98,"NORTH CAROLINA"
1999,34,37.63,7.98,"NORTH CAROLINA"
2000,34,37.63,7.98,"NORTH CAROLINA"
2001,34,36.95,8.5,"NORTH CAROLINA"
2002,34,36.48,8.5,"NORTH CAROLINA"
2003,34,33.08,8.5,"NORTH CAROLINA"
2004,34,33.08,8.5,"NORTH CAROLINA"
2005,34,33.08,8.5,"NORTH CAROLINA"
2006,34,32.75,8.41,"NORTH CAROLINA"
2007,34,32.84,8.16,"NORTH CAROLINA"
2008,34,32.61,7.83,"NORTH CAROLINA"
2009,34,32.53,8.06,"NORTH CAROLINA"
2010,34,32.21,7.98,"NORTH CAROLINA"
2011,34,32.29,7.75,"NORTH CAROLINA"
2012,34,32.29,7.75,"NORTH CAROLINA"
2013,34,37.63,7.98,"NORTH CAROLINA"
2014,34,38.49,5.8,"NORTH CAROLINA"
2015,34,38.51,5.75,"NORTH CAROLINA"
2016,34,38.51,5.75,"NORTH CAROLINA"
2017,34,38.61,5.5,"NORTH CAROLINA"
2018,34,37,5.5,"NORTH CAROLINA"
1977,35,67.96,2.91,"NORTH DAKOTA"
1978,35,68.46,2.2,"NORTH DAKOTA"
1979,35,48.9,2.2,"NORTH DAKOTA"
1980,35,48.9,2.2,"NORTH DAKOTA"
1981,35,48.87,2.26,"NORTH DAKOTA"
1982,35,48.19,3.61,"NORTH DAKOTA"
1983,35,47.85,4.31,"NORTH DAKOTA"
1984,35,47.85,4.31,"NORTH DAKOTA"
1985,35,47.85,4.31,"NORTH DAKOTA"
1986,35,47.85,4.31,"NORTH DAKOTA"
1987,35,36.53,5.11,"NORTH DAKOTA"
1988,35,26.94,3.77,"NORTH DAKOTA"
1989,35,26.94,3.77,"NORTH DAKOTA"
1990,35,26.94,3.77,"NORTH DAKOTA"
1991,35,30.6,4.28,"NORTH DAKOTA"
1992,35,30.6,4.28,"NORTH DAKOTA"
1993,35,38.65,5.41,"NORTH DAKOTA"
1994,35,38.65,5.41,"NORTH DAKOTA"
1995,35,38.65,5.41,"NORTH DAKOTA"
1996,35,38.65,5.41,"NORTH DAKOTA"
1997,35,38.65,5.41,"NORTH DAKOTA"
1998,35,38.65,5.41,"NORTH DAKOTA"
1999,35,38.65,5.41,"NORTH DAKOTA"
2000,35,38.65,5.41,"NORTH DAKOTA"
2001,35,38.16,5.41,"NORTH DAKOTA"
2002,35,37.67,5.41,"NORTH DAKOTA"
2003,35,34.16,5.41,"NORTH DAKOTA"
2004,35,34.16,5.41,"NORTH DAKOTA"
2005,35,34.16,5.41,"NORTH DAKOTA"
2006,35,33.83,5.35,"NORTH DAKOTA"
2007,35,33.83,5.35,"NORTH DAKOTA"
2008,35,33.49,5.3,"NORTH DAKOTA"
2009,35,33.71,4.68,"NORTH DAKOTA"
2010,35,33.38,4.63,"NORTH DAKOTA"
2011,35,33.66,3.84,"NORTH DAKOTA"
2012,35,33.66,3.84,"NORTH DAKOTA"
2013,35,39.52,3.21,"NORTH DAKOTA"
2014,35,39.52,3.21,"NORTH DAKOTA"
2015,35,39.64,2.9,"NORTH DAKOTA"
2016,35,39.64,2.9,"NORTH DAKOTA"
2017,35,39.64,2.9,"NORTH DAKOTA"
2018,35,37,2.9,"NORTH DAKOTA"
1977,36,67.67,3.33,"OHIO"
1978,36,67.67,3.33,"OHIO"
1979,36,48.34,3.33,"OHIO"
1980,36,48.34,3.33,"OHIO"
1981,36,48.34,3.33,"OHIO"
1982,36,47.03,5.94,"OHIO"
1983,36,45.69,8.62,"OHIO"
1984,36,45.49,9.03,"OHIO"
1985,36,45.71,8.57,"OHIO"
1986,36,45.94,8.12,"OHIO"
1987,36,35.98,6.56,"OHIO"
1988,36,26.16,6.56,"OHIO"
1989,36,26.07,6.9,"OHIO"
1990,36,26.07,6.9,"OHIO"
1991,36,29.79,6.9,"OHIO"
1992,36,29.79,6.9,"OHIO"
1993,36,37.82,7.5,"OHIO"
1994,36,37.82,7.5,"OHIO"
1995,36,37.82,7.5,"OHIO"
1996,36,38.01,7,"OHIO"
1997,36,37.94,7.2,"OHIO"
1998,36,38.1,6.8,"OHIO"
1999,36,37.93,7.23,"OHIO"
2000,36,38.02,6.98,"OHIO"
2001,36,37.34,7.5,"OHIO"
2002,36,36.86,7.5,"OHIO"
2003,36,33.42,7.5,"OHIO"
2004,36,33.42,7.5,"OHIO"
2005,36,33.54,7.19,"OHIO"
2006,36,33.3,6.87,"OHIO"
2007,36,33.41,6.56,"OHIO"
2008,36,33.17,6.24,"OHIO"
2009,36,33.17,6.24,"OHIO"
2010,36,32.82,6.24,"OHIO"
2011,36,32.93,5.92,"OHIO"
2012,36,32.93,5.93,"OHIO"
2013,36,38.64,5.42,"OHIO"
2014,36,38.68,5.33,"OHIO"
2015,36,38.81,5,"OHIO"
2016,36,38.81,5,"OHIO"
2017,36,38.81,5,"OHIO"
2018,36,37,5,"OHIO"
1977,37,66.04,5.66,"OKLAHOMA"
1978,37,66.04,5.66,"OKLAHOMA"
1979,37,47.17,5.66,"OKLAHOMA"
1980,37,47.17,5.66,"OKLAHOMA"
1981,37,47.17,5.66,"OKLAHOMA"
1982,37,47.17,5.66,"OKLAHOMA"
1983,37,47.17,5.66,"OKLAHOMA"
1984,37,47.17,5.66,"OKLAHOMA"
1985,37,47.17,5.66,"OKLAHOMA"
1986,37,47.17,5.66,"OKLAHOMA"
1987,37,36.32,5.66,"OKLAHOMA"
1988,37,26.41,5.66,"OKLAHOMA"
1989,37,26.41,5.66,"OKLAHOMA"
1990,37,26.17,6.54,"OKLAHOMA"
1991,37,29.87,6.65,"OKLAHOMA"
1992,37,29.87,6.65,"OKLAHOMA"
1993,37,38.46,5.87,"OKLAHOMA"
1994,37,38.46,5.87,"OKLAHOMA"
1995,37,38.46,5.87,"OKLAHOMA"
1996,37,38.46,5.87,"OKLAHOMA"
1997,37,38.46,5.87,"OKLAHOMA"
1998,37,38.46,5.87,"OKLAHOMA"
1999,37,38.46,5.87,"OKLAHOMA"
2000,37,38.46,5.87,"OKLAHOMA"
2001,37,37.96,5.91,"OKLAHOMA"
2002,37,37.46,5.96,"OKLAHOMA"
2003,37,33.8,6.42,"OKLAHOMA"
2004,37,33.85,6.29,"OKLAHOMA"
2005,37,33.8,6.42,"OKLAHOMA"
2006,37,33.47,6.36,"OKLAHOMA"
2007,37,33.6,6,"OKLAHOMA"
2008,37,33.46,5.4,"OKLAHOMA"
2009,37,33.51,5.27,"OKLAHOMA"
2010,37,33.18,5.21,"OKLAHOMA"
2011,37,33.18,5.21,"OKLAHOMA"
2012,37,33.25,4.99,"OKLAHOMA"
2013,37,38.75,5.14,"OKLAHOMA"
2014,37,38.75,5.14,"OKLAHOMA"
2015,37,38.75,5.14,"OKLAHOMA"
2016,37,38.78,5.07,"OKLAHOMA"
2017,37,38.78,5.07,"OKLAHOMA"
2018,37,37,5,"OKLAHOMA"
1977,38,60.9,13,"OREGON"
1978,38,60.9,13,"OREGON"
1979,38,45,10,"OREGON"
1980,38,45,10,"OREGON"
1981,38,45,10,"OREGON"
1982,38,44.6,10.8,"OREGON"
1983,38,44.6,10.8,"OREGON"
1984,38,44.6,10.8,"OREGON"
1985,38,45.02,9.97,"OREGON"
1986,38,44.6,10.8,"OREGON"
1987,38,35.61,7.51,"OREGON"
1988,38,25.48,9,"OREGON"
1989,38,25.73,8.12,"OREGON"
1990,38,25.73,8.12,"OREGON"
1991,38,29.39,8.2,"OREGON"
1992,38,29.12,9.08,"OREGON"
1993,38,37.19,9.08,"OREGON"
1994,38,37.19,9.08,"OREGON"
1995,38,37.19,9.08,"OREGON"
1996,38,37.19,9.08,"OREGON"
1997,38,37.19,9.08,"OREGON"
1998,38,37.19,9.08,"OREGON"
1999,38,37.19,9.08,"OREGON"
2000,38,37.19,9.08,"OREGON"
2001,38,36.72,9.08,"OREGON"
2002,38,36.25,9.08,"OREGON"
2003,38,32.87,9.08,"OREGON"
2004,38,33.07,8.5,"OREGON"
2005,38,33.07,8.5,"OREGON"
2006,38,32.75,8.42,"OREGON"
2007,38,32.75,8.42,"OREGON"
2008,38,31.84,10.01,"OREGON"
2009,38,31.84,10.01,"OREGON"
2010,38,31.53,9.91,"OREGON"
2011,38,31.84,9.01,"OREGON"
2012,38,31.84,9.01,"OREGON"
2013,38,37.11,9.28,"OREGON"
2014,38,36.83,9.99,"OREGON"
2015,38,36.83,9.99,"OREGON"
2016,38,36.83,9.99,"OREGON"
2017,38,36.83,9.99,"OREGON"
2018,38,37,9.9,"OREGON"
1977,39,68.6,2,"PENNSYLVANIA"
1978,39,68.46,2.2,"PENNSYLVANIA"
1979,39,48.91,2.2,"PENNSYLVANIA"
1980,39,48.91,2.2,"PENNSYLVANIA"
1981,39,48.91,2.2,"PENNSYLVANIA"
1982,39,48.9,2.2,"PENNSYLVANIA"
1983,39,48.77,2.45,"PENNSYLVANIA"
1984,39,48.8,2.4,"PENNSYLVANIA"
1985,39,48.83,2.35,"PENNSYLVANIA"
1986,39,48.92,2.16,"PENNSYLVANIA"
1987,39,37.69,2.1,"PENNSYLVANIA"
1988,39,27.41,2.1,"PENNSYLVANIA"
1989,39,27.41,2.1,"PENNSYLVANIA"
1990,39,27.41,2.1,"PENNSYLVANIA"
1991,39,31.12,2.6,"PENNSYLVANIA"
1992,39,31.02,2.95,"PENNSYLVANIA"
1993,39,39.68,2.8,"PENNSYLVANIA"
1994,39,39.68,2.8,"PENNSYLVANIA"
1995,39,39.68,2.8,"PENNSYLVANIA"
1996,39,39.68,2.8,"PENNSYLVANIA"
1997,39,39.68,2.8,"PENNSYLVANIA"
1998,39,39.68,2.8,"PENNSYLVANIA"
1999,39,39.68,2.8,"PENNSYLVANIA"
2000,39,39.68,2.8,"PENNSYLVANIA"
2001,39,39.18,2.8,"PENNSYLVANIA"
2002,39,38.68,2.8,"PENNSYLVANIA"
2003,39,35.07,2.8,"PENNSYLVANIA"
2004,39,34.98,3.07,"PENNSYLVANIA"
2005,39,34.98,3.07,"PENNSYLVANIA"
2006,39,34.63,3.07,"PENNSYLVANIA"
2007,39,34.63,3.07,"PENNSYLVANIA"
2008,39,34.28,3.07,"PENNSYLVANIA"
2009,39,34.28,3.07,"PENNSYLVANIA"
2010,39,33.93,3.07,"PENNSYLVANIA"
2011,39,33.93,3.07,"PENNSYLVANIA"
2012,39,33.93,3.07,"PENNSYLVANIA"
2013,39,39.57,3.07,"PENNSYLVANIA"
2014,39,39.57,3.07,"PENNSYLVANIA"
2015,39,39.57,3.07,"PENNSYLVANIA"
2016,39,39.57,3.07,"PENNSYLVANIA"
2017,39,39.57,3.07,"PENNSYLVANIA"
2018,39,37,3.07,"PENNSYLVANIA"
1977,40,61.76,11.74,"RHODE ISLAND"
1978,40,61.76,11.74,"RHODE ISLAND"
1979,40,45.66,8.68,"RHODE ISLAND"
1980,40,45.66,8.68,"RHODE ISLAND"
1981,40,45.61,8.78,"RHODE ISLAND"
1982,40,45.06,9.87,"RHODE ISLAND"
1983,40,44.09,11.79,"RHODE ISLAND"
1984,40,44.33,11.31,"RHODE ISLAND"
1985,40,44.8,10.37,"RHODE ISLAND"
1986,40,45,9.99,"RHODE ISLAND"
1987,40,35.31,8.28,"RHODE ISLAND"
1988,40,26.31,6.04,"RHODE ISLAND"
1989,40,26.31,6.04,"RHODE ISLAND"
1990,40,26.31,6.04,"RHODE ISLAND"
1991,40,29.81,6.84,"RHODE ISLAND"
1992,40,29.42,8.09,"RHODE ISLAND"
1993,40,36.78,10.11,"RHODE ISLAND"
1994,40,36.78,10.11,"RHODE ISLAND"
1995,40,36.78,10.11,"RHODE ISLAND"
1996,40,36.78,10.11,"RHODE ISLAND"
1997,40,36.78,10.11,"RHODE ISLAND"
1998,40,36.84,9.95,"RHODE ISLAND"
1999,40,36.91,9.78,"RHODE ISLAND"
2000,40,36.98,9.61,"RHODE ISLAND"
2001,40,36.58,9.45,"RHODE ISLAND"
2002,40,36.17,9.28,"RHODE ISLAND"
2003,40,32.8,9.28,"RHODE ISLAND"
2004,40,32.8,9.28,"RHODE ISLAND"
2005,40,32.8,9.28,"RHODE ISLAND"
2006,40,32.49,9.19,"RHODE ISLAND"
2007,40,33.07,7.5,"RHODE ISLAND"
2008,40,32.9,7,"RHODE ISLAND"
2009,40,33.07,6.5,"RHODE ISLAND"
2010,40,32.9,6,"RHODE ISLAND"
2011,40,32.9,5.99,"RHODE ISLAND"
2012,40,32.9,5.99,"RHODE ISLAND"
2013,40,38.42,5.99,"RHODE ISLAND"
2014,40,38.42,5.99,"RHODE ISLAND"
2015,40,38.42,5.99,"RHODE ISLAND"
2016,40,38.42,5.99,"RHODE ISLAND"
2017,40,38.42,5.99,"RHODE ISLAND"
2018,40,37,5.99,"RHODE ISLAND"
1977,41,65.1,7,"SOUTH CAROLINA"
1978,41,65.1,7,"SOUTH CAROLINA"
1979,41,46.5,7,"SOUTH CAROLINA"
1980,41,46.5,7,"SOUTH CAROLINA"
1981,41,46.5,7,"SOUTH CAROLINA"
1982,41,46.5,7,"SOUTH CAROLINA"
1983,41,46.5,7,"SOUTH CAROLINA"
1984,41,46.5,7,"SOUTH CAROLINA"
1985,41,46.5,7,"SOUTH CAROLINA"
1986,41,46.5,7,"SOUTH CAROLINA"
1987,41,35.8,7,"SOUTH CAROLINA"
1988,41,26.04,7,"SOUTH CAROLINA"
1989,41,26.04,7,"SOUTH CAROLINA"
1990,41,26.04,7,"SOUTH CAROLINA"
1991,41,29.74,7.08,"SOUTH CAROLINA"
1992,41,29.74,7.08,"SOUTH CAROLINA"
1993,41,37.99,7.08,"SOUTH CAROLINA"
1994,41,37.99,7.08,"SOUTH CAROLINA"
1995,41,37.99,7.08,"SOUTH CAROLINA"
1996,41,37.99,7.08,"SOUTH CAROLINA"
1997,41,37.99,7.08,"SOUTH CAROLINA"
1998,41,37.99,7.08,"SOUTH CAROLINA"
1999,41,37.99,7.08,"SOUTH CAROLINA"
2000,41,37.99,7.08,"SOUTH CAROLINA"
2001,41,37.51,7.08,"SOUTH CAROLINA"
2002,41,37.03,7.08,"SOUTH CAROLINA"
2003,41,33.57,7.08,"SOUTH CAROLINA"
2004,41,33.57,7.08,"SOUTH CAROLINA"
2005,41,33.57,7.08,"SOUTH CAROLINA"
2006,41,33.23,7.05,"SOUTH CAROLINA"
2007,41,33.23,7.05,"SOUTH CAROLINA"
2008,41,32.89,7.03,"SOUTH CAROLINA"
2009,41,32.89,7.03,"SOUTH CAROLINA"
2010,41,32.55,7,"SOUTH CAROLINA"
2011,41,32.55,7,"SOUTH CAROLINA"
2012,41,32.55,7,"SOUTH CAROLINA"
2013,41,37.98,7.08,"SOUTH CAROLINA"
2014,41,37.98,7.08,"SOUTH CAROLINA"
2015,41,37.98,7.08,"SOUTH CAROLINA"
2016,41,37.98,7.08,"SOUTH CAROLINA"
2017,41,37.98,7.08,"SOUTH CAROLINA"
2018,41,37,7,"SOUTH CAROLINA"
1977,42,70,0,"SOUTH DAKOTA"
1978,42,70,0,"SOUTH DAKOTA"
1979,42,50.01,0,"SOUTH DAKOTA"
1980,42,50.01,0,"SOUTH DAKOTA"
1981,42,50.01,0,"SOUTH DAKOTA"
1982,42,50,0,"SOUTH DAKOTA"
1983,42,50,0,"SOUTH DAKOTA"
1984,42,50,0,"SOUTH DAKOTA"
1985,42,50,0,"SOUTH DAKOTA"
1986,42,50,0,"SOUTH DAKOTA"
1987,42,38.5,0,"SOUTH DAKOTA"
1988,42,28,0,"SOUTH DAKOTA"
1989,42,28,0,"SOUTH DAKOTA"
1990,42,28,0,"SOUTH DAKOTA"
1991,42,31.93,0,"SOUTH DAKOTA"
1992,42,31.93,0,"SOUTH DAKOTA"
1993,42,40.79,0,"SOUTH DAKOTA"
1994,42,40.79,0,"SOUTH DAKOTA"
1995,42,40.79,0,"SOUTH DAKOTA"
1996,42,40.79,0,"SOUTH DAKOTA"
1997,42,40.79,0,"SOUTH DAKOTA"
1998,42,40.79,0,"SOUTH DAKOTA"
1999,42,40.79,0,"SOUTH DAKOTA"
2000,42,40.79,0,"SOUTH DAKOTA"
2001,42,40.27,0,"SOUTH DAKOTA"
2002,42,39.76,0,"SOUTH DAKOTA"
2003,42,36.05,0,"SOUTH DAKOTA"
2004,42,36.05,0,"SOUTH DAKOTA"
2005,42,36.05,0,"SOUTH DAKOTA"
2006,42,35.7,0,"SOUTH DAKOTA"
2007,42,35.7,0,"SOUTH DAKOTA"
2008,42,35.35,0,"SOUTH DAKOTA"
2009,42,35.35,0,"SOUTH DAKOTA"
2010,42,35,0,"SOUTH DAKOTA"
2011,42,35,0,"SOUTH DAKOTA"
2012,42,35,0,"SOUTH DAKOTA"
2013,42,40.79,0,"SOUTH DAKOTA"
2014,42,40.79,0,"SOUTH DAKOTA"
2015,42,40.79,0,"SOUTH DAKOTA"
2016,42,40.79,0,"SOUTH DAKOTA"
2017,42,40.79,0,"SOUTH DAKOTA"
2018,42,37,0,"SOUTH DAKOTA"
1977,43,70,0,"TENNESSEE"
1978,43,70,0,"TENNESSEE"
1979,43,50.01,0,"TENNESSEE"
1980,43,50.01,0,"TENNESSEE"
1981,43,50.01,0,"TENNESSEE"
1982,43,50,0,"TENNESSEE"
1983,43,50,0,"TENNESSEE"
1984,43,50,0,"TENNESSEE"
1985,43,50,0,"TENNESSEE"
1986,43,50,0,"TENNESSEE"
1987,43,38.5,0,"TENNESSEE"
1988,43,28,0,"TENNESSEE"
1989,43,28,0,"TENNESSEE"
1990,43,28,0,"TENNESSEE"
1991,43,31.93,0,"TENNESSEE"
1992,43,31.93,0,"TENNESSEE"
1993,43,40.79,0,"TENNESSEE"
1994,43,40.79,0,"TENNESSEE"
1995,43,40.79,0,"TENNESSEE"
1996,43,40.79,0,"TENNESSEE"
1997,43,40.79,0,"TENNESSEE"
1998,43,40.79,0,"TENNESSEE"
1999,43,40.79,0,"TENNESSEE"
2000,43,40.79,0,"TENNESSEE"
2001,43,40.27,0,"TENNESSEE"
2002,43,39.76,0,"TENNESSEE"
2003,43,36.05,0,"TENNESSEE"
2004,43,36.05,0,"TENNESSEE"
2005,43,36.05,0,"TENNESSEE"
2006,43,35.7,0,"TENNESSEE"
2007,43,35.7,0,"TENNESSEE"
2008,43,35.35,0,"TENNESSEE"
2009,43,35.35,0,"TENNESSEE"
2010,43,35,0,"TENNESSEE"
2011,43,35,0,"TENNESSEE"
2012,43,35,0,"TENNESSEE"
2013,43,40.79,0,"TENNESSEE"
2014,43,40.79,0,"TENNESSEE"
2015,43,40.79,0,"TENNESSEE"
2016,43,40.79,0,"TENNESSEE"
2017,43,40.79,0,"TENNESSEE"
2018,43,37,0,"TENNESSEE"
1977,44,70,0,"TEXAS"
1978,44,70,0,"TEXAS"
1979,44,50.01,0,"TEXAS"
1980,44,50.01,0,"TEXAS"
1981,44,50.01,0,"TEXAS"
1982,44,50,0,"TEXAS"
1983,44,50,0,"TEXAS"
1984,44,50,0,"TEXAS"
1985,44,50,0,"TEXAS"
1986,44,50,0,"TEXAS"
1987,44,38.5,0,"TEXAS"
1988,44,28,0,"TEXAS"
1989,44,28,0,"TEXAS"
1990,44,28,0,"TEXAS"
1991,44,31.93,0,"TEXAS"
1992,44,31.93,0,"TEXAS"
1993,44,40.79,0,"TEXAS"
1994,44,40.79,0,"TEXAS"
1995,44,40.79,0,"TEXAS"
1996,44,40.79,0,"TEXAS"
1997,44,40.79,0,"TEXAS"
1998,44,40.79,0,"TEXAS"
1999,44,40.79,0,"TEXAS"
2000,44,40.79,0,"TEXAS"
2001,44,40.27,0,"TEXAS"
2002,44,39.76,0,"TEXAS"
2003,44,36.05,0,"TEXAS"
2004,44,36.05,0,"TEXAS"
2005,44,36.05,0,"TEXAS"
2006,44,35.7,0,"TEXAS"
2007,44,35.7,0,"TEXAS"
2008,44,35.35,0,"TEXAS"
2009,44,35.35,0,"TEXAS"
2010,44,35,0,"TEXAS"
2011,44,35,0,"TEXAS"
2012,44,35,0,"TEXAS"
2013,44,40.79,0,"TEXAS"
2014,44,40.79,0,"TEXAS"
2015,44,40.79,0,"TEXAS"
2016,44,40.79,0,"TEXAS"
2017,44,40.79,0,"TEXAS"
2018,44,37,0,"TEXAS"
1977,45,68.28,2.46,"UTAH"
1978,45,68.28,2.46,"UTAH"
1979,45,47.99,4.03,"UTAH"
1980,45,47.99,4.03,"UTAH"
1981,45,47.99,4.03,"UTAH"
1982,45,47.98,4.03,"UTAH"
1983,45,47.98,4.03,"UTAH"
1984,45,47.98,4.03,"UTAH"
1985,45,47.98,4.03,"UTAH"
1986,45,47.98,4.03,"UTAH"
1987,45,35.52,7.75,"UTAH"
1988,45,26.16,6.58,"UTAH"
1989,45,26.25,6.26,"UTAH"
1990,45,26.25,6.26,"UTAH"
1991,45,29.97,6.34,"UTAH"
1992,45,29.97,6.34,"UTAH"
1993,45,38.35,6.16,"UTAH"
1994,45,38.35,6.16,"UTAH"
1995,45,38.35,6.16,"UTAH"
1996,45,38.42,5.99,"UTAH"
1997,45,38.42,5.99,"UTAH"
1998,45,38.42,5.99,"UTAH"
1999,45,38.42,5.99,"UTAH"
2000,45,38.42,5.99,"UTAH"
2001,45,37.92,6.01,"UTAH"
2002,45,37.43,6.02,"UTAH"
2003,45,33.9,6.15,"UTAH"
2004,45,33.9,6.15,"UTAH"
2005,45,33.9,6.15,"UTAH"
2006,45,33.58,6.07,"UTAH"
2007,45,33.83,5.35,"UTAH"
2008,45,33.6,5,"UTAH"
2009,45,33.6,5,"UTAH"
2010,45,33.25,5,"UTAH"
2011,45,33.25,5,"UTAH"
2012,45,33.25,5,"UTAH"
2013,45,38.81,5,"UTAH"
2014,45,38.81,5,"UTAH"
2015,45,38.81,5,"UTAH"
2016,45,38.81,5,"UTAH"
2017,45,38.81,5,"UTAH"
2018,45,37,4.95,"UTAH"
1977,46,59.52,14.88,"VERMONT"
1978,46,59.52,14.88,"VERMONT"
1979,46,43.04,13.86,"VERMONT"
1980,46,43.04,13.86,"VERMONT"
1981,46,43.12,13.71,"VERMONT"
1982,46,44.63,10.71,"VERMONT"
1983,46,44.24,11.5,"VERMONT"
1984,46,44.24,11.5,"VERMONT"
1985,46,44.14,11.7,"VERMONT"
1986,46,44.14,11.7,"VERMONT"
1987,46,35.02,9.03,"VERMONT"
1988,46,26.31,6.05,"VERMONT"
1989,46,26.17,6.54,"VERMONT"
1990,46,26.17,6.54,"VERMONT"
1991,46,28.88,9.82,"VERMONT"
1992,46,28.88,9.82,"VERMONT"
1993,46,35.94,12.22,"VERMONT"
1994,46,37.11,9.28,"VERMONT"
1995,46,37.11,9.28,"VERMONT"
1996,46,37.11,9.28,"VERMONT"
1997,46,37.11,9.28,"VERMONT"
1998,46,37.11,9.28,"VERMONT"
1999,46,37.11,9.28,"VERMONT"
2000,46,37.24,8.94,"VERMONT"
2001,46,36.78,8.94,"VERMONT"
2002,46,36.31,8.94,"VERMONT"
2003,46,32.92,8.94,"VERMONT"
2004,46,32.92,8.94,"VERMONT"
2005,46,32.92,8.94,"VERMONT"
2006,46,32.6,8.85,"VERMONT"
2007,46,32.6,8.85,"VERMONT"
2008,46,32.28,8.76,"VERMONT"
2009,46,32.31,8.68,"VERMONT"
2010,46,32.12,8.21,"VERMONT"
2011,46,32.12,8.21,"VERMONT"
2012,46,32.12,8.21,"VERMONT"
2013,46,37.43,8.46,"VERMONT"
2014,46,37.43,8.46,"VERMONT"
2015,46,37.24,8.95,"VERMONT"
2016,46,37.24,8.95,"VERMONT"
2017,46,37.24,8.95,"VERMONT"
2018,46,37,8.75,"VERMONT"
1977,47,65.97,5.75,"VIRGINIA"
1978,47,65.97,5.75,"VIRGINIA"
1979,47,47.13,5.75,"VIRGINIA"
1980,47,47.13,5.75,"VIRGINIA"
1981,47,47.13,5.75,"VIRGINIA"
1982,47,47.12,5.75,"VIRGINIA"
1983,47,47.12,5.75,"VIRGINIA"
1984,47,47.12,5.75,"VIRGINIA"
1985,47,47.12,5.75,"VIRGINIA"
1986,47,47.12,5.75,"VIRGINIA"
1987,47,36.29,5.75,"VIRGINIA"
1988,47,26.39,5.75,"VIRGINIA"
1989,47,26.39,5.75,"VIRGINIA"
1990,47,26.39,5.75,"VIRGINIA"
1991,47,30.13,5.82,"VIRGINIA"
1992,47,30.12,5.82,"VIRGINIA"
1993,47,38.48,5.82,"VIRGINIA"
1994,47,38.48,5.82,"VIRGINIA"
1995,47,38.48,5.82,"VIRGINIA"
1996,47,38.48,5.82,"VIRGINIA"
1997,47,38.48,5.82,"VIRGINIA"
1998,47,38.48,5.82,"VIRGINIA"
1999,47,38.48,5.82,"VIRGINIA"
2000,47,38.48,5.82,"VIRGINIA"
2001,47,38,5.82,"VIRGINIA"
2002,47,37.51,5.82,"VIRGINIA"
2003,47,34.01,5.82,"VIRGINIA"
2004,47,34.01,5.82,"VIRGINIA"
2005,47,34.01,5.82,"VIRGINIA"
2006,47,33.68,5.77,"VIRGINIA"
2007,47,33.68,5.77,"VIRGINIA"
2008,47,33.35,5.71,"VIRGINIA"
2009,47,33.35,5.71,"VIRGINIA"
2010,47,33.02,5.65,"VIRGINIA"
2011,47,33.02,5.65,"VIRGINIA"
2012,47,33.02,5.65,"VIRGINIA"
2013,47,38.48,5.83,"VIRGINIA"
2014,47,38.48,5.83,"VIRGINIA"
2015,47,38.48,5.83,"VIRGINIA"
2016,47,38.48,5.83,"VIRGINIA"
2017,47,38.48,5.83,"VIRGINIA"
2018,47,37,5.75,"VIRGINIA"
1977,48,70,0,"WASHINGTON"
1978,48,70,0,"WASHINGTON"
1979,48,50.01,0,"WASHINGTON"
1980,48,50.01,0,"WASHINGTON"
1981,48,50.01,0,"WASHINGTON"
1982,48,50,0,"WASHINGTON"
1983,48,50,0,"WASHINGTON"
1984,48,50,0,"WASHINGTON"
1985,48,50,0,"WASHINGTON"
1986,48,50,0,"WASHINGTON"
1987,48,38.5,0,"WASHINGTON"
1988,48,28,0,"WASHINGTON"
1989,48,28,0,"WASHINGTON"
1990,48,28,0,"WASHINGTON"
1991,48,31.93,0,"WASHINGTON"
1992,48,31.93,0,"WASHINGTON"
1993,48,40.79,0,"WASHINGTON"
1994,48,40.79,0,"WASHINGTON"
1995,48,40.79,0,"WASHINGTON"
1996,48,40.79,0,"WASHINGTON"
1997,48,40.79,0,"WASHINGTON"
1998,48,40.79,0,"WASHINGTON"
1999,48,40.79,0,"WASHINGTON"
2000,48,40.79,0,"WASHINGTON"
2001,48,40.27,0,"WASHINGTON"
2002,48,39.76,0,"WASHINGTON"
2003,48,36.05,0,"WASHINGTON"
2004,48,36.05,0,"WASHINGTON"
2005,48,36.05,0,"WASHINGTON"
2006,48,35.7,0,"WASHINGTON"
2007,48,35.7,0,"WASHINGTON"
2008,48,35.35,0,"WASHINGTON"
2009,48,35.35,0,"WASHINGTON"
2010,48,35,0,"WASHINGTON"
2011,48,35,0,"WASHINGTON"
2012,48,35,0,"WASHINGTON"
2013,48,40.79,0,"WASHINGTON"
2014,48,40.79,0,"WASHINGTON"
2015,48,40.79,0,"WASHINGTON"
2016,48,40.79,0,"WASHINGTON"
2017,48,40.79,0,"WASHINGTON"
2018,48,37,0,"WASHINGTON"
1977,49,63.86,8.76,"WEST VIRGINIA"
1978,49,63.86,8.76,"WEST VIRGINIA"
1979,49,45.62,8.76,"WEST VIRGINIA"
1980,49,45.62,8.76,"WEST VIRGINIA"
1981,49,45.62,8.76,"WEST VIRGINIA"
1982,49,45.62,8.76,"WEST VIRGINIA"
1983,49,44.14,11.69,"WEST VIRGINIA"
1984,49,43.63,12.7,"WEST VIRGINIA"
1985,49,43.93,12.11,"WEST VIRGINIA"
1986,49,44.24,11.5,"WEST VIRGINIA"
1987,49,36,6.5,"WEST VIRGINIA"
1988,49,26.18,6.5,"WEST VIRGINIA"
1989,49,26.18,6.5,"WEST VIRGINIA"
1990,49,26.18,6.5,"WEST VIRGINIA"
1991,49,29.91,6.5,"WEST VIRGINIA"
1992,49,29.91,6.5,"WEST VIRGINIA"
1993,49,38.21,6.5,"WEST VIRGINIA"
1994,49,38.21,6.5,"WEST VIRGINIA"
1995,49,38.21,6.5,"WEST VIRGINIA"
1996,49,38.21,6.5,"WEST VIRGINIA"
1997,49,38.21,6.5,"WEST VIRGINIA"
1998,49,38.21,6.5,"WEST VIRGINIA"
1999,49,38.21,6.5,"WEST VIRGINIA"
2000,49,38.21,6.5,"WEST VIRGINIA"
2001,49,37.73,6.5,"WEST VIRGINIA"
2002,49,37.25,6.5,"WEST VIRGINIA"
2003,49,33.77,6.5,"WEST VIRGINIA"
2004,49,33.77,6.5,"WEST VIRGINIA"
2005,49,33.77,6.5,"WEST VIRGINIA"
2006,49,33.42,6.5,"WEST VIRGINIA"
2007,49,33.42,6.5,"WEST VIRGINIA"
2008,49,33.07,6.5,"WEST VIRGINIA"
2009,49,33.07,6.5,"WEST VIRGINIA"
2010,49,32.73,6.5,"WEST VIRGINIA"
2011,49,32.73,6.5,"WEST VIRGINIA"
2012,49,32.73,6.5,"WEST VIRGINIA"
2013,49,38.21,6.5,"WEST VIRGINIA"
2014,49,38.21,6.5,"WEST VIRGINIA"
2015,49,38.21,6.5,"WEST VIRGINIA"
2016,49,38.21,6.5,"WEST VIRGINIA"
2017,49,38.21,6.5,"WEST VIRGINIA"
2018,49,37,6.5,"WEST VIRGINIA"
1977,50,62.83,10.23,"WISCONSIN"
1978,50,62.83,10.23,"WISCONSIN"
1979,50,45,10,"WISCONSIN"
1980,50,45,10,"WISCONSIN"
1981,50,45,10,"WISCONSIN"
1982,50,45,10,"WISCONSIN"
1983,50,44.5,11,"WISCONSIN"
1984,50,45,10,"WISCONSIN"
1985,50,45,10,"WISCONSIN"
1986,50,46.05,7.9,"WISCONSIN"
1987,50,35.83,6.93,"WISCONSIN"
1988,50,26.06,6.93,"WISCONSIN"
1989,50,26.06,6.93,"WISCONSIN"
1990,50,26.06,6.93,"WISCONSIN"
1991,50,29.78,6.93,"WISCONSIN"
1992,50,29.78,6.93,"WISCONSIN"
1993,50,38.04,6.93,"WISCONSIN"
1994,50,38.04,6.93,"WISCONSIN"
1995,50,38.04,6.93,"WISCONSIN"
1996,50,38.04,6.93,"WISCONSIN"
1997,50,38.04,6.93,"WISCONSIN"
1998,50,38.11,6.77,"WISCONSIN"
1999,50,38.11,6.77,"WISCONSIN"
2000,50,38.11,6.75,"WISCONSIN"
2001,50,37.63,6.75,"WISCONSIN"
2002,50,37.15,6.75,"WISCONSIN"
2003,50,33.69,6.75,"WISCONSIN"
2004,50,33.69,6.75,"WISCONSIN"
2005,50,33.69,6.75,"WISCONSIN"
2006,50,33.34,6.75,"WISCONSIN"
2007,50,33.34,6.75,"WISCONSIN"
2008,50,32.99,6.75,"WISCONSIN"
2009,50,32.64,7.75,"WISCONSIN"
2010,50,32.29,7.75,"WISCONSIN"
2011,50,32.29,7.75,"WISCONSIN"
2012,50,32.29,7.75,"WISCONSIN"
2013,50,37.76,7.65,"WISCONSIN"
2014,50,37.76,7.65,"WISCONSIN"
2015,50,37.76,7.65,"WISCONSIN"
2016,50,37.76,7.65,"WISCONSIN"
2017,50,37.76,7.65,"WISCONSIN"
2018,50,37,7.65,"WISCONSIN"
1977,51,70,0,"WYOMING"
1978,51,70,0,"WYOMING"
1979,51,50.01,0,"WYOMING"
1980,51,50.01,0,"WYOMING"
1981,51,50.01,0,"WYOMING"
1982,51,50,0,"WYOMING"
1983,51,50,0,"WYOMING"
1984,51,50,0,"WYOMING"
1985,51,50,0,"WYOMING"
1986,51,50,0,"WYOMING"
1987,51,38.5,0,"WYOMING"
1988,51,28,0,"WYOMING"
1989,51,28,0,"WYOMING"
1990,51,28,0,"WYOMING"
1991,51,31.93,0,"WYOMING"
1992,51,31.93,0,"WYOMING"
1993,51,40.79,0,"WYOMING"
1994,51,40.79,0,"WYOMING"
1995,51,40.79,0,"WYOMING"
1996,51,40.79,0,"WYOMING"
1997,51,40.79,0,"WYOMING"
1998,51,40.79,0,"WYOMING"
1999,51,40.79,0,"WYOMING"
2000,51,40.79,0,"WYOMING"
2001,51,40.27,0,"WYOMING"
2002,51,39.76,0,"WYOMING"
2003,51,36.05,0,"WYOMING"
2004,51,36.05,0,"WYOMING"
2005,51,36.05,0,"WYOMING"
2006,51,35.7,0,"WYOMING"
2007,51,35.7,0,"WYOMING"
2008,51,35.35,0,"WYOMING"
2009,51,35.35,0,"WYOMING"
2010,51,35,0,"WYOMING"
2011,51,35,0,"WYOMING"
2012,51,35,0,"WYOMING"
2013,51,40.79,0,"WYOMING"
2014,51,40.79,0,"WYOMING"
2015,51,40.79,0,"WYOMING"
2016,51,40.79,0,"WYOMING"
2017,51,40.79,0,"WYOMING"
2018,51,37,0,"WYOMING"
